Timestamp,Source IP,Attack Type,Confidence,Severity,History Score,Frequency Score,Risk Score,Risk Level,Action Taken,Ground Truth
2026-08-13 15:00:16,BENIGN_src_194,Infiltration,0.27,9,0.0,0.0,45.68,Medium,Alert Admin,benign
2026-08-13 15:00:38,BENIGN_src_6,Bot,0.03,8,0.0,0.0,40.07,Medium,Alert Admin,benign
2026-08-13 15:01:04,BENIGN_src_264,FTP-Patator,0.12,6,0.0,0.0,27.8,Low,Generate Log,benign
2026-08-13 15:01:30,BENIGN_src_64,Infiltration,0.23,9,0.0,0.0,45.58,Medium,Alert Admin,benign
2026-08-13 15:01:58,BENIGN_src_112,DoS Hulk,1.57,8,0.0,0.0,41.44,Medium,Alert Admin,benign
2026-08-13 15:02:22,BENIGN_src_147,DoS slowloris,0.22,7,0.0,0.0,33.06,Low,Generate Log,benign
2026-08-13 15:02:30,BENIGN_src_262,DoS slowloris,0.26,7,0.0,0.0,33.16,Low,Generate Log,benign
2026-08-13 15:02:48,BENIGN_src_107,Bot,0.26,8,0.0,0.0,40.65,Medium,Alert Admin,benign
2026-08-13 15:02:52,BENIGN_src_9,Infiltration,3.48,9,0.0,0.0,53.69,Medium,Alert Admin,benign
2026-08-13 15:03:12,BENIGN_src_331,Infiltration,0.34,9,0.0,0.0,45.85,Medium,Alert Admin,benign
2026-08-13 15:03:16,BENIGN_src_146,DoS GoldenEye,1.82,8,0.0,0.0,42.05,Medium,Alert Admin,benign
2026-08-13 15:03:52,BENIGN_src_0,Bot,0.02,8,0.0,0.0,40.05,Medium,Alert Admin,benign
2026-08-13 15:04:08,BENIGN_src_220,Bot,0.25,8,0.0,0.0,40.62,Medium,Alert Admin,benign
2026-08-13 15:04:16,BENIGN_src_33,DoS Slowhttptest,0.11,7,0.0,0.0,32.78,Low,Generate Log,benign
2026-08-13 15:05:02,BENIGN_src_6,Bot,0.21,8,0.54,2.0,43.35,Medium,Alert Admin,benign
2026-08-13 15:05:04,BENIGN_src_323,Infiltration,0.33,9,0.0,0.0,45.82,Medium,Alert Admin,benign
2026-08-13 15:05:38,BENIGN_src_169,Infiltration,0.36,9,0.0,0.0,45.89,Medium,Alert Admin,benign
2026-08-13 15:06:18,BENIGN_src_7,Bot,0.04,8,0.0,0.0,40.09,Medium,Alert Admin,benign
2026-08-13 15:06:22,BENIGN_src_17,DoS slowloris,2.37,7,0.0,0.0,38.43,Medium,Alert Admin,benign
2026-08-13 15:08:08,BENIGN_src_105,Infiltration,0.08,9,0.0,0.0,45.2,Medium,Alert Admin,benign
2026-08-13 15:08:12,BENIGN_src_5,FTP-Patator,0.08,6,0.0,0.0,27.71,Low,Generate Log,benign
2026-08-13 15:08:58,BENIGN_src_11,Infiltration,1.42,9,0.0,0.0,48.54,Medium,Alert Admin,benign
2026-08-13 15:09:30,BENIGN_src_110,Infiltration,0.12,9,0.0,0.0,45.3,Medium,Alert Admin,benign
2026-08-13 15:09:34,BENIGN_src_68,Infiltration,0.45,9,0.0,0.0,46.12,Medium,Alert Admin,benign
2026-08-13 15:09:42,BENIGN_src_135,Infiltration,0.39,9,0.0,0.0,45.98,Medium,Alert Admin,benign
2026-08-13 15:10:54,BENIGN_src_64,Infiltration,0.17,9,0.27,2.0,47.84,Medium,Alert Admin,benign
2026-08-13 15:11:52,BENIGN_src_7,Bot,0.18,8,0.46,2.0,43.14,Medium,Alert Admin,benign
2026-08-13 15:12:36,BENIGN_src_7,Bot,0.04,8,1.32,4.0,46.07,Medium,Alert Admin,benign
2026-08-13 15:14:02,BENIGN_src_6,Bot,0.03,8,0.44,2.0,42.74,Medium,Alert Admin,benign
2026-08-13 15:14:08,BENIGN_src_33,Bot,0.2,8,0.25,2.0,42.88,Medium,Alert Admin,benign
2026-08-13 15:14:36,BENIGN_src_101,Infiltration,0.02,9,0.0,0.0,45.06,Medium,Alert Admin,benign
2026-08-13 15:14:58,BENIGN_src_5,Bot,0.02,8,0.39,2.0,42.63,Medium,Alert Admin,benign
2026-08-13 15:15:00,BENIGN_src_34,DoS Slowhttptest,0.12,7,0.0,0.0,32.8,Low,Generate Log,benign
2026-08-13 15:15:12,BENIGN_src_135,Infiltration,0.39,9,0.47,2.0,48.68,Medium,Alert Admin,benign
2026-08-13 15:15:14,BENIGN_src_141,Infiltration,0.31,9,0.0,0.0,45.76,Medium,Alert Admin,benign
2026-08-13 15:15:18,BENIGN_src_83,Bot,0.4,8,0.0,0.0,41.0,Medium,Alert Admin,benign
2026-08-13 15:15:28,BENIGN_src_278,Bot,0.24,8,0.0,0.0,40.59,Medium,Alert Admin,benign
2026-08-13 15:15:58,BENIGN_src_282,FTP-Patator,0.13,6,0.0,0.0,27.82,Low,Generate Log,benign
2026-08-13 15:16:08,BENIGN_src_110,Web Attack - XSS,0.14,6,0.4,2.0,30.44,Low,Generate Log,benign
2026-08-13 15:16:18,BENIGN_src_64,Infiltration,0.17,9,0.6,2.0,48.32,Medium,Alert Admin,benign
2026-08-13 15:17:06,BENIGN_src_17,DoS slowloris,0.24,7,0.23,0.0,33.43,Low,Generate Log,benign
2026-08-13 15:17:32,BENIGN_src_5,FTP-Patator,0.17,6,0.97,4.0,33.39,Low,Generate Log,benign
2026-08-13 15:17:56,BENIGN_src_71,FTP-Patator,0.06,6,0.0,0.0,27.64,Low,Generate Log,benign
2026-08-13 15:18:16,BENIGN_src_139,Infiltration,3.05,9,0.0,0.0,52.62,Medium,Alert Admin,benign
2026-08-13 15:19:00,BENIGN_src_105,Bot,0.09,8,0.22,0.0,40.56,Medium,Alert Admin,benign
2026-08-13 15:19:24,BENIGN_src_0,Bot,0.16,8,0.12,0.0,40.58,Medium,Alert Admin,benign
2026-08-13 15:19:50,BENIGN_src_110,Web Attack - XSS,0.13,6,0.84,2.0,31.09,Low,Generate Log,benign
2026-08-13 15:20:24,BENIGN_src_6,Bot,0.03,8,0.6,2.0,42.97,Medium,Alert Admin,benign
2026-08-13 15:21:32,BENIGN_src_110,DoS Hulk,0.09,8,1.45,4.0,43.91,Medium,Alert Admin,benign
2026-08-13 15:21:48,BENIGN_src_156,Heartbleed,0.13,9,0.0,0.0,45.33,Medium,Alert Admin,benign
2026-08-13 15:21:54,BENIGN_src_11,DoS slowloris,1.96,7,0.17,0.0,37.65,Medium,Alert Admin,benign
2026-08-13 15:22:00,BENIGN_src_49,Bot,0.25,8,0.0,0.0,40.62,Medium,Alert Admin,benign
2026-08-13 15:22:08,BENIGN_src_240,FTP-Patator,0.14,6,0.0,0.0,27.85,Low,Generate Log,benign
2026-08-13 15:23:00,BENIGN_src_218,Bot,2.18,8,0.0,0.0,45.45,Medium,Alert Admin,benign
2026-08-13 15:23:02,BENIGN_src_252,DoS slowloris,1.15,7,0.0,0.0,35.36,Medium,Alert Admin,benign
2026-08-13 15:23:40,BENIGN_src_16,Infiltration,0.91,9,0.0,0.0,47.28,Medium,Alert Admin,benign
2026-08-13 15:25:00,BENIGN_src_284,FTP-Patator,0.15,6,0.0,0.0,27.88,Low,Generate Log,benign
2026-08-13 15:25:02,BENIGN_src_31,FTP-Patator,0.26,6,0.0,0.0,28.15,Low,Generate Log,benign
2026-08-13 15:25:10,BENIGN_src_33,DoS Slowhttptest,0.11,7,0.27,0.0,33.19,Low,Generate Log,benign
2026-08-13 15:25:28,BENIGN_src_31,FTP-Patator,0.26,6,0.94,2.0,31.56,Low,Generate Log,benign
2026-08-13 15:25:56,BENIGN_src_266,DoS slowloris,1.14,7,0.0,0.0,35.36,Medium,Alert Admin,benign
2026-08-13 15:26:06,BENIGN_src_112,DoS Slowhttptest,0.03,7,0.04,0.0,32.63,Low,Generate Log,benign
2026-08-13 15:26:14,BENIGN_src_68,Infiltration,0.35,9,0.1,0.0,46.03,Medium,Alert Admin,benign
2026-08-13 15:26:34,BENIGN_src_317,Infiltration,10.0,9,0.0,0.0,70.0,High,Blacklist IP,benign
2026-08-13 15:26:58,BENIGN_src_6,Bot,0.03,8,0.64,2.0,43.03,Medium,Alert Admin,benign
2026-08-13 15:27:28,BENIGN_src_219,Web Attack - Brute Force,1.41,6,0.0,0.0,31.02,Low,Generate Log,benign
2026-08-13 15:27:30,BENIGN_src_307,DoS GoldenEye,0.22,8,0.0,0.0,38.04,Medium,Alert Admin,benign
2026-08-13 15:27:32,BENIGN_src_141,Bot,1.14,8,0.18,0.0,43.12,Medium,Alert Admin,benign
2026-08-13 15:27:46,BENIGN_src_10,Infiltration,1.1,9,0.0,0.0,47.74,Medium,Alert Admin,benign
2026-08-13 15:27:56,BENIGN_src_218,Infiltration,0.04,9,0.5,2.0,47.86,Medium,Alert Admin,benign
2026-08-13 15:28:40,BENIGN_src_6,Bot,0.03,8,1.3,4.0,46.02,Medium,Alert Admin,benign
2026-08-13 15:29:54,BENIGN_src_226,Bot,0.33,8,0.0,0.0,40.81,Medium,Alert Admin,benign
2026-08-13 15:30:32,BENIGN_src_278,FTP-Patator,0.67,6,0.12,0.0,29.35,Low,Generate Log,benign
2026-08-13 15:30:38,BENIGN_src_265,Bot,0.97,8,0.0,0.0,42.44,Medium,Alert Admin,benign
2026-08-13 15:30:44,BENIGN_src_67,Infiltration,0.24,9,0.0,0.0,45.61,Medium,Alert Admin,benign
2026-08-13 15:31:00,BENIGN_src_220,Infiltration,0.2,9,0.02,0.0,45.53,Medium,Alert Admin,benign
2026-08-13 15:32:20,BENIGN_src_105,DoS Slowhttptest,0.19,7,0.19,0.0,33.26,Low,Generate Log,benign
2026-08-13 15:32:30,BENIGN_src_139,DoS Slowhttptest,1.74,7,0.14,0.0,37.05,Medium,Alert Admin,benign
2026-08-13 15:32:54,BENIGN_src_110,Web Attack - XSS,0.17,6,0.51,0.0,28.69,Low,Generate Log,benign
2026-08-13 15:33:08,BENIGN_src_107,Bot,0.26,8,0.01,0.0,40.68,Medium,Alert Admin,benign
2026-08-13 15:33:58,BENIGN_src_190,DoS slowloris,0.66,7,0.0,0.0,34.16,Low,Generate Log,benign
2026-08-13 15:34:16,BENIGN_src_140,FTP-Patator,0.7,6,0.0,0.0,29.24,Low,Generate Log,benign
2026-08-13 15:34:18,BENIGN_src_34,DoS Slowhttptest,0.12,7,0.07,0.0,32.89,Low,Generate Log,benign
2026-08-13 15:34:44,BENIGN_src_144,Infiltration,3.42,9,0.0,0.0,53.56,Medium,Alert Admin,benign
2026-08-13 15:34:46,BENIGN_src_37,Infiltration,0.31,9,0.0,0.0,45.77,Medium,Alert Admin,benign
2026-08-13 15:34:56,BENIGN_src_101,Bot,0.08,8,0.06,0.0,40.29,Medium,Alert Admin,benign
2026-08-13 15:35:50,BENIGN_src_204,Web Attack - XSS,0.29,6,0.0,0.0,28.21,Low,Generate Log,benign
2026-08-13 15:36:24,BENIGN_src_103,DoS GoldenEye,0.25,8,0.0,0.0,38.12,Medium,Alert Admin,benign
2026-08-13 15:37:16,BENIGN_src_318,FTP-Patator,0.13,6,0.0,0.0,27.81,Low,Generate Log,benign
2026-08-13 15:37:18,BENIGN_src_14,SSH-Patator,0.41,6,0.0,0.0,28.52,Low,Generate Log,benign
2026-08-13 15:37:24,BENIGN_src_323,Bot,0.74,8,0.01,0.0,41.87,Medium,Alert Admin,benign
2026-08-13 15:39:46,BENIGN_src_109,Infiltration,0.33,9,0.0,0.0,45.83,Medium,Alert Admin,benign
2026-08-13 15:39:50,BENIGN_src_8,DoS Slowhttptest,0.37,7,0.0,0.0,33.42,Low,Generate Log,benign
2026-08-13 15:41:22,BENIGN_src_111,Web Attack - XSS,0.17,6,0.0,0.0,27.91,Low,Generate Log,benign
2026-08-13 15:41:38,BENIGN_src_256,FTP-Patator,0.12,6,0.0,0.0,27.8,Low,Generate Log,benign
2026-08-13 15:42:14,BENIGN_src_141,Bot,0.06,8,0.15,0.0,40.39,Medium,Alert Admin,benign
2026-08-13 15:42:20,BENIGN_src_6,Bot,0.03,8,0.35,0.0,40.59,Medium,Alert Admin,benign
2026-08-13 15:43:04,BENIGN_src_103,DoS slowloris,0.13,7,0.4,2.0,35.43,Medium,Alert Admin,benign
2026-08-13 15:43:22,BENIGN_src_107,Bot,0.26,8,0.25,0.0,41.02,Medium,Alert Admin,benign
2026-08-13 15:44:00,BENIGN_src_201,Infiltration,0.27,9,0.0,0.0,45.68,Medium,Alert Admin,benign
2026-08-13 15:44:04,BENIGN_src_103,DoS GoldenEye,0.18,8,1.22,4.0,43.78,Medium,Alert Admin,benign
2026-08-13 15:44:16,BENIGN_src_65,DoS Slowhttptest,0.37,7,0.0,0.0,33.42,Low,Generate Log,benign
2026-08-13 15:44:22,BENIGN_src_169,Infiltration,0.35,9,0.0,0.0,45.89,Medium,Alert Admin,benign
2026-08-13 15:44:48,BENIGN_src_45,SSH-Patator,0.11,6,0.0,0.0,27.76,Low,Generate Log,benign
2026-08-13 15:45:06,BENIGN_src_235,FTP-Patator,0.14,6,0.0,0.0,27.85,Low,Generate Log,benign
2026-08-13 15:45:48,BENIGN_src_139,Infiltration,2.57,9,0.18,0.0,51.68,Medium,Alert Admin,benign
2026-08-13 15:45:56,BENIGN_src_260,FTP-Patator,3.52,6,0.0,0.0,36.29,Medium,Alert Admin,benign
2026-08-13 15:45:58,BENIGN_src_253,FTP-Patator,0.13,6,0.0,0.0,27.81,Low,Generate Log,benign
2026-08-13 15:46:14,BENIGN_src_142,Infiltration,0.37,9,0.0,0.0,45.93,Medium,Alert Admin,benign
2026-08-13 15:46:58,BENIGN_src_140,Infiltration,0.32,9,0.17,0.0,46.05,Medium,Alert Admin,benign
2026-08-13 15:47:26,BENIGN_src_105,Infiltration,0.07,9,0.15,0.0,45.39,Medium,Alert Admin,benign
2026-08-13 15:47:30,BENIGN_src_145,PortScan,0.19,4,0.0,0.0,17.97,Low,Generate Log,benign
2026-08-13 15:47:48,BENIGN_src_5,Bot,0.02,8,0.03,0.0,40.09,Medium,Alert Admin,benign
2026-08-13 15:47:56,BENIGN_src_179,Infiltration,0.33,9,0.0,0.0,45.82,Medium,Alert Admin,benign
2026-08-13 15:48:06,BENIGN_src_109,DoS GoldenEye,0.16,8,0.31,2.0,40.38,Medium,Alert Admin,benign
2026-08-13 15:48:50,BENIGN_src_11,Infiltration,1.37,9,0.03,0.0,48.46,Medium,Alert Admin,benign
2026-08-13 15:49:42,BENIGN_src_184,DoS Hulk,1.48,8,0.0,0.0,41.21,Medium,Alert Admin,benign
2026-08-13 15:49:58,BENIGN_src_261,DoS Slowhttptest,0.25,7,0.0,0.0,33.14,Low,Generate Log,benign
2026-08-13 15:50:28,BENIGN_src_11,PortScan,0.16,4,0.82,2.0,21.14,Low,Generate Log,benign
2026-08-13 15:50:32,BENIGN_src_245,Infiltration,0.04,9,0.0,0.0,45.1,Medium,Alert Admin,benign
2026-08-13 15:50:42,BENIGN_src_5,Bot,0.02,8,0.69,2.0,43.08,Medium,Alert Admin,benign
2026-08-13 15:51:26,BENIGN_src_6,Bot,0.03,8,0.38,2.0,42.64,Medium,Alert Admin,benign
2026-08-13 15:52:14,BENIGN_src_164,DoS GoldenEye,0.36,8,0.0,0.0,38.4,Medium,Alert Admin,benign
2026-08-13 15:52:20,BENIGN_src_99,DoS Hulk,3.7,8,0.0,0.0,46.74,Medium,Alert Admin,benign
2026-08-13 15:53:22,BENIGN_src_65,DoS Slowhttptest,0.26,7,0.28,2.0,35.56,Medium,Alert Admin,benign
2026-08-13 15:53:28,BENIGN_src_5,Bot,0.02,8,1.15,4.0,45.77,Medium,Alert Admin,benign
2026-08-13 15:54:02,BENIGN_src_5,Bot,0.02,8,1.99,6.0,49.03,Medium,Alert Admin,benign
2026-08-13 15:54:14,BENIGN_src_254,Infiltration,0.08,9,0.0,0.0,45.19,Medium,Alert Admin,benign
2026-08-13 15:54:54,BENIGN_src_10,DoS GoldenEye,0.93,8,0.02,0.0,39.86,Medium,Alert Admin,benign
2026-08-13 15:54:58,BENIGN_src_181,DoS Hulk,1.43,8,0.0,0.0,41.06,Medium,Alert Admin,benign
2026-08-13 15:55:08,BENIGN_src_110,DoS Hulk,0.09,8,0.07,0.0,37.84,Medium,Alert Admin,benign
2026-08-13 15:56:02,BENIGN_src_6,Bot,0.03,8,0.73,2.0,43.17,Medium,Alert Admin,benign
2026-08-13 15:56:04,BENIGN_src_110,DoS Hulk,0.09,8,0.94,2.0,41.14,Medium,Alert Admin,benign
2026-08-13 15:56:12,BENIGN_src_6,Bot,0.26,8,1.69,4.0,47.18,Medium,Alert Admin,benign
2026-08-13 15:56:46,BENIGN_src_36,DoS Slowhttptest,0.14,7,0.0,0.0,32.85,Low,Generate Log,benign
2026-08-13 15:57:34,BENIGN_src_169,Infiltration,0.26,9,0.16,0.0,45.88,Medium,Alert Admin,benign
2026-08-13 15:58:00,BENIGN_src_226,Bot,0.33,8,0.02,0.0,40.85,Medium,Alert Admin,benign
2026-08-13 15:59:08,BENIGN_src_49,Bot,0.25,8,0.01,0.0,40.62,Medium,Alert Admin,benign
2026-08-13 15:59:30,BENIGN_src_26,SSH-Patator,0.66,6,0.0,0.0,29.14,Low,Generate Log,benign
2026-08-13 15:59:36,BENIGN_src_58,Bot,0.42,8,0.0,0.0,41.05,Medium,Alert Admin,benign
2026-08-13 16:00:04,BENIGN_src_159,Infiltration,0.34,9,0.0,0.0,45.85,Medium,Alert Admin,benign
2026-08-13 16:00:22,BENIGN_src_105,Infiltration,0.07,9,0.19,0.0,45.46,Medium,Alert Admin,benign
2026-08-13 16:00:34,BENIGN_src_105,Bot,0.12,8,1.16,2.0,44.03,Medium,Alert Admin,benign
2026-08-13 16:01:04,BENIGN_src_103,DoS Hulk,0.61,8,0.21,0.0,39.34,Medium,Alert Admin,benign
2026-08-13 16:01:14,BENIGN_src_51,DoS Slowhttptest,3.23,7,0.0,0.0,40.58,Medium,Alert Admin,benign
2026-08-13 16:01:20,BENIGN_src_265,Bot,0.97,8,0.01,0.0,42.46,Medium,Alert Admin,benign
2026-08-13 16:01:38,BENIGN_src_220,FTP-Patator,0.65,6,0.01,0.0,29.14,Low,Generate Log,benign
2026-08-13 16:01:52,BENIGN_src_36,Infiltration,0.35,9,0.49,2.0,48.63,Medium,Alert Admin,benign
2026-08-13 16:01:56,BENIGN_src_109,DoS slowloris,0.04,7,0.19,0.0,32.9,Low,Generate Log,benign
2026-08-13 16:02:02,BENIGN_src_318,DoS Slowhttptest,0.4,7,0.03,0.0,33.54,Low,Generate Log,benign
2026-08-13 16:02:26,BENIGN_src_142,Bot,0.43,8,0.11,0.0,41.25,Medium,Alert Admin,benign
2026-08-13 16:03:24,BENIGN_src_186,Infiltration,0.76,9,0.0,0.0,46.9,Medium,Alert Admin,benign
2026-08-13 16:03:40,BENIGN_src_105,Infiltration,0.07,9,1.4,4.0,51.28,Medium,Alert Admin,benign
2026-08-13 16:04:06,BENIGN_src_32,Infiltration,0.35,9,0.0,0.0,45.88,Medium,Alert Admin,benign
2026-08-13 16:04:34,BENIGN_src_11,PortScan,0.18,4,0.26,0.0,18.34,Low,Generate Log,benign
2026-08-13 16:04:42,BENIGN_src_6,Bot,0.21,8,0.83,4.0,45.78,Medium,Alert Admin,benign
2026-08-13 16:05:08,BENIGN_src_10,Infiltration,0.21,9,0.25,0.0,45.89,Medium,Alert Admin,benign
2026-08-13 16:05:26,BENIGN_src_10,DoS GoldenEye,0.53,8,1.2,2.0,42.62,Medium,Alert Admin,benign
2026-08-13 16:05:28,BENIGN_src_312,DoS GoldenEye,0.96,8,0.0,0.0,39.91,Medium,Alert Admin,benign
2026-08-13 16:05:32,BENIGN_src_316,Web Attack - XSS,0.21,6,0.0,0.0,28.03,Low,Generate Log,benign
2026-08-13 16:06:10,BENIGN_src_80,Bot,1.21,8,0.0,0.0,43.04,Medium,Alert Admin,benign
2026-08-13 16:06:34,BENIGN_src_36,Infiltration,0.18,9,0.78,4.0,50.62,Medium,Alert Admin,benign
2026-08-13 16:06:38,BENIGN_src_261,DoS Slowhttptest,0.39,7,0.1,0.0,33.62,Low,Generate Log,benign
2026-08-13 16:07:36,BENIGN_src_8,PortScan,0.13,4,0.02,0.0,17.85,Low,Generate Log,benign
2026-08-13 16:07:38,BENIGN_src_163,DoS Slowhttptest,1.18,7,0.0,0.0,35.46,Medium,Alert Admin,benign
2026-08-13 16:08:56,BENIGN_src_170,Infiltration,0.01,9,0.0,0.0,45.04,Medium,Alert Admin,benign
2026-08-13 16:09:22,BENIGN_src_23,Bot,5.98,8,0.0,0.0,54.95,Medium,Alert Admin,benign
2026-08-13 16:09:38,BENIGN_src_105,FTP-Patator,0.1,6,1.05,6.0,35.34,Medium,Alert Admin,benign
2026-08-13 16:10:32,BENIGN_src_117,Infiltration,1.24,9,0.0,0.0,48.1,Medium,Alert Admin,benign
2026-08-13 16:10:36,BENIGN_src_7,Bot,0.04,8,0.0,0.0,40.09,Medium,Alert Admin,benign
2026-08-13 16:10:40,BENIGN_src_101,Bot,0.07,8,0.01,0.0,40.18,Medium,Alert Admin,benign
2026-08-13 16:12:22,BENIGN_src_282,DoS slowloris,0.94,7,0.0,0.0,34.84,Low,Generate Log,benign
2026-08-13 16:13:24,BENIGN_src_302,SSH-Patator,0.68,6,0.0,0.0,29.21,Low,Generate Log,benign
2026-08-13 16:13:30,BENIGN_src_261,DoS Slowhttptest,0.3,7,0.42,2.0,35.89,Medium,Alert Admin,benign
2026-08-13 16:13:40,BENIGN_src_253,FTP-Patator,0.06,6,0.02,0.0,27.68,Low,Generate Log,benign
2026-08-13 16:14:16,BENIGN_src_102,DoS Slowhttptest,0.21,7,0.0,0.0,33.02,Low,Generate Log,benign
2026-08-13 16:14:18,BENIGN_src_21,DoS Hulk,1.84,8,0.0,0.0,42.1,Medium,Alert Admin,benign
2026-08-13 16:14:32,BENIGN_src_318,Web Attack - XSS,0.37,6,0.18,0.0,28.69,Low,Generate Log,benign
2026-08-13 16:16:04,BENIGN_src_11,DoS Slowhttptest,0.57,7,0.26,0.0,34.31,Low,Generate Log,benign
2026-08-13 16:16:22,BENIGN_src_103,PortScan,0.09,4,0.15,0.0,17.93,Low,Generate Log,benign
2026-08-13 16:16:26,BENIGN_src_265,FTP-Patator,0.15,6,0.13,0.0,28.06,Low,Generate Log,benign
2026-08-13 16:16:34,BENIGN_src_143,SSH-Patator,0.7,6,0.0,0.0,29.25,Low,Generate Log,benign
2026-08-13 16:17:02,BENIGN_src_141,Bot,8.1,8,0.01,0.0,60.28,High,Blacklist IP,benign
2026-08-13 16:17:04,BENIGN_src_33,Web Attack - XSS,0.13,6,0.0,0.0,27.82,Low,Generate Log,benign
2026-08-13 16:18:08,BENIGN_src_276,FTP-Patator,0.0,6,0.0,0.0,27.5,Low,Generate Log,benign
2026-08-13 16:18:10,BENIGN_src_110,Web Attack - XSS,0.18,6,0.09,0.0,28.07,Low,Generate Log,benign
2026-08-13 16:18:54,BENIGN_src_139,DoS Slowhttptest,1.78,7,0.01,0.0,36.97,Medium,Alert Admin,benign
2026-08-13 16:19:00,BENIGN_src_11,Infiltration,1.5,9,0.84,2.0,52.01,Medium,Alert Admin,benign
2026-08-13 16:19:50,BENIGN_src_214,FTP-Patator,0.39,6,0.0,0.0,28.47,Low,Generate Log,benign
2026-08-13 16:20:00,BENIGN_src_199,Infiltration,0.71,9,0.0,0.0,46.77,Medium,Alert Admin,benign
2026-08-13 16:20:10,BENIGN_src_265,Bot,0.87,8,0.67,2.0,45.18,Medium,Alert Admin,benign
2026-08-13 16:20:20,BENIGN_src_112,DoS Slowhttptest,0.03,7,0.0,0.0,32.58,Low,Generate Log,benign
2026-08-13 16:20:36,BENIGN_src_12,DoS Slowhttptest,0.66,7,0.0,0.0,34.15,Low,Generate Log,benign
2026-08-13 16:21:02,BENIGN_src_169,FTP-Patator,0.12,6,0.04,0.0,27.87,Low,Generate Log,benign
2026-08-13 16:21:28,BENIGN_src_8,Infiltration,0.23,9,0.15,0.0,45.8,Medium,Alert Admin,benign
2026-08-13 16:22:08,BENIGN_src_233,DoS slowloris,2.73,7,0.0,0.0,39.34,Medium,Alert Admin,benign
2026-08-13 16:22:20,BENIGN_src_264,FTP-Patator,0.12,6,0.0,0.0,27.81,Low,Generate Log,benign
2026-08-13 16:22:22,BENIGN_src_79,DDoS,2.51,9,0.0,0.0,51.26,Medium,Alert Admin,benign
2026-08-13 16:22:40,BENIGN_src_64,DoS Slowhttptest,0.37,7,0.0,0.0,33.42,Low,Generate Log,benign
2026-08-13 16:23:08,BENIGN_src_5,FTP-Patator,0.17,6,0.05,0.0,28.01,Low,Generate Log,benign
2026-08-13 16:23:36,BENIGN_src_139,Bot,8.06,8,0.53,2.0,62.94,High,Blacklist IP,benign
2026-08-13 16:24:38,BENIGN_src_110,Infiltration,0.06,9,0.44,2.0,47.82,Medium,Alert Admin,benign
2026-08-13 16:25:10,BENIGN_src_105,Bot,0.89,8,0.24,0.0,42.58,Medium,Alert Admin,benign
2026-08-13 16:27:10,BENIGN_src_6,Bot,0.03,8,0.08,0.0,40.19,Medium,Alert Admin,benign
2026-08-13 16:27:14,BENIGN_src_141,Bot,0.23,8,0.25,0.0,40.94,Medium,Alert Admin,benign
2026-08-13 16:27:22,BENIGN_src_214,FTP-Patator,0.39,6,0.35,2.0,31.0,Low,Generate Log,benign
2026-08-13 16:27:36,BENIGN_src_8,DoS Slowhttptest,0.3,7,0.49,2.0,35.98,Medium,Alert Admin,benign
2026-08-13 16:28:06,BENIGN_src_12,DoS Slowhttptest,0.66,7,0.35,2.0,36.68,Medium,Alert Admin,benign
2026-08-13 16:28:28,BENIGN_src_70,DoS Hulk,1.66,8,0.0,0.0,41.65,Medium,Alert Admin,benign
2026-08-13 16:29:26,BENIGN_src_74,FTP-Patator,0.05,6,0.0,0.0,27.62,Low,Generate Log,benign
2026-08-13 16:29:30,BENIGN_src_33,Infiltration,0.28,9,0.18,0.0,45.96,Medium,Alert Admin,benign
2026-08-13 16:30:22,BENIGN_src_260,FTP-Patator,0.12,6,0.0,0.0,27.79,Low,Generate Log,benign
2026-08-13 16:31:24,BENIGN_src_143,DoS Hulk,1.42,8,0.13,0.0,41.24,Medium,Alert Admin,benign
2026-08-13 16:31:40,BENIGN_src_264,Bot,0.83,8,0.27,2.0,44.5,Medium,Alert Admin,benign
2026-08-13 16:31:52,BENIGN_src_69,SSH-Patator,0.12,6,0.0,0.0,27.8,Low,Generate Log,benign
2026-08-13 16:32:06,BENIGN_src_7,Bot,0.04,8,0.05,0.0,40.17,Medium,Alert Admin,benign
2026-08-13 16:32:42,BENIGN_src_30,Infiltration,0.94,9,0.0,0.0,47.35,Medium,Alert Admin,benign
2026-08-13 16:33:04,BENIGN_src_185,DoS slowloris,0.86,7,0.0,0.0,34.65,Low,Generate Log,benign
2026-08-13 16:33:14,BENIGN_src_179,DoS GoldenEye,0.35,8,0.0,0.0,38.39,Medium,Alert Admin,benign
2026-08-13 16:33:40,BENIGN_src_265,Bot,0.96,8,0.26,0.0,42.79,Medium,Alert Admin,benign
2026-08-13 16:34:24,BENIGN_src_11,Bot,0.22,8,0.22,0.0,40.88,Medium,Alert Admin,benign
2026-08-13 16:34:48,BENIGN_src_111,DoS GoldenEye,0.27,8,0.0,0.0,38.17,Medium,Alert Admin,benign
2026-08-13 16:35:10,BENIGN_src_10,Infiltration,0.21,9,0.04,0.0,45.57,Medium,Alert Admin,benign
2026-08-13 16:35:50,BENIGN_src_253,FTP-Patator,0.12,6,0.05,0.0,27.88,Low,Generate Log,benign
2026-08-13 16:36:00,BENIGN_src_185,DoS GoldenEye,0.31,8,0.67,2.0,41.26,Medium,Alert Admin,benign
2026-08-13 16:36:08,BENIGN_src_222,Infiltration,0.13,9,0.0,0.0,45.32,Medium,Alert Admin,benign
2026-08-13 16:36:58,BENIGN_src_177,Infiltration,0.02,9,0.0,0.0,45.04,Medium,Alert Admin,benign
2026-08-13 16:37:06,BENIGN_src_0,Bot,0.02,8,0.0,0.0,40.05,Medium,Alert Admin,benign
2026-08-13 16:38:26,BENIGN_src_265,Bot,0.87,8,0.65,2.0,45.14,Medium,Alert Admin,benign
2026-08-13 16:38:28,BENIGN_src_9,DoS Slowhttptest,0.47,7,0.0,0.0,33.69,Low,Generate Log,benign
2026-08-13 16:38:38,BENIGN_src_7,DoS slowloris,0.11,7,0.42,2.0,35.42,Medium,Alert Admin,benign
2026-08-13 16:38:52,BENIGN_src_109,DoS GoldenEye,0.08,8,0.01,0.0,37.71,Medium,Alert Admin,benign
2026-08-13 16:39:00,BENIGN_src_5,Bot,0.21,8,0.12,0.0,40.7,Medium,Alert Admin,benign
2026-08-13 16:39:06,BENIGN_src_172,DoS Hulk,2.5,8,0.0,0.0,43.74,Medium,Alert Admin,benign
2026-08-13 16:39:10,BENIGN_src_9,DoS Slowhttptest,0.35,7,0.91,2.0,36.74,Medium,Alert Admin,benign
2026-08-13 16:39:40,BENIGN_src_109,DoS slowloris,0.03,7,0.9,2.0,35.93,Medium,Alert Admin,benign
2026-08-13 16:39:54,BENIGN_src_8,Infiltration,0.47,9,0.27,0.0,46.58,Medium,Alert Admin,benign
2026-08-13 16:41:02,BENIGN_src_103,Infiltration,0.1,9,0.04,0.0,45.3,Medium,Alert Admin,benign
2026-08-13 16:41:16,BENIGN_src_10,DoS Hulk,0.57,8,0.44,2.0,41.6,Medium,Alert Admin,benign
2026-08-13 16:41:40,BENIGN_src_297,Bot,0.83,8,0.0,0.0,42.08,Medium,Alert Admin,benign
2026-08-13 16:41:44,BENIGN_src_118,DoS slowloris,0.15,7,0.0,0.0,32.88,Low,Generate Log,benign
2026-08-13 16:41:50,BENIGN_src_24,Bot,0.2,8,0.0,0.0,40.51,Medium,Alert Admin,benign
2026-08-13 16:41:58,BENIGN_src_139,DoS slowloris,0.1,7,0.12,0.0,32.93,Low,Generate Log,benign
2026-08-13 16:42:04,BENIGN_src_5,Bot,0.02,8,0.73,2.0,43.14,Medium,Alert Admin,benign
2026-08-13 16:42:30,BENIGN_src_153,Infiltration,0.23,9,0.0,0.0,45.57,Medium,Alert Admin,benign
2026-08-13 16:42:54,BENIGN_src_101,Infiltration,0.05,9,0.01,0.0,45.15,Medium,Alert Admin,benign
2026-08-13 16:43:22,BENIGN_src_8,DoS Slowhttptest,0.4,7,0.79,2.0,36.69,Medium,Alert Admin,benign
2026-08-13 16:43:54,BENIGN_src_9,Infiltration,3.66,9,0.99,4.0,59.63,Medium,Alert Admin,benign
2026-08-13 16:45:48,BENIGN_src_110,Infiltration,0.09,9,0.08,0.0,45.34,Medium,Alert Admin,benign
2026-08-13 16:45:52,BENIGN_src_11,DoS slowloris,2.23,7,0.25,0.0,38.46,Medium,Alert Admin,benign
2026-08-13 16:46:06,BENIGN_src_258,Bot,1.01,8,0.0,0.0,42.54,Medium,Alert Admin,benign
2026-08-13 16:46:12,BENIGN_src_10,PortScan,1.39,4,0.73,2.0,24.06,Low,Generate Log,benign
2026-08-13 16:46:52,BENIGN_src_183,DoS Hulk,1.46,8,0.0,0.0,41.15,Medium,Alert Admin,benign
2026-08-13 16:47:04,BENIGN_src_186,Infiltration,0.29,9,0.0,0.0,45.73,Medium,Alert Admin,benign
2026-08-13 16:47:22,BENIGN_src_210,DoS Hulk,2.5,8,0.0,0.0,43.75,Medium,Alert Admin,benign
2026-08-13 16:47:32,BENIGN_src_16,Infiltration,0.99,9,0.0,0.0,47.49,Medium,Alert Admin,benign
2026-08-13 16:47:38,BENIGN_src_165,DoS slowloris,0.08,7,0.0,0.0,32.7,Low,Generate Log,benign
2026-08-13 16:48:06,BENIGN_src_265,Bot,0.97,8,0.43,2.0,45.08,Medium,Alert Admin,benign
2026-08-13 16:48:14,BENIGN_src_5,Bot,0.02,8,0.74,4.0,45.15,Medium,Alert Admin,benign
2026-08-13 16:48:26,BENIGN_src_163,FTP-Patator,0.03,6,0.0,0.0,27.58,Low,Generate Log,benign
2026-08-13 16:48:34,BENIGN_src_160,Infiltration,0.51,9,0.0,0.0,46.28,Medium,Alert Admin,benign
2026-08-13 16:49:40,BENIGN_src_221,Bot,1.01,8,0.0,0.0,42.54,Medium,Alert Admin,benign
2026-08-13 16:49:50,BENIGN_src_5,Bot,0.02,8,1.39,4.0,46.13,Medium,Alert Admin,benign
2026-08-13 16:49:54,BENIGN_src_244,Infiltration,0.36,9,0.0,0.0,45.9,Medium,Alert Admin,benign
2026-08-13 16:50:00,BENIGN_src_134,Infiltration,0.19,9,0.0,0.0,45.47,Medium,Alert Admin,benign
2026-08-13 16:50:36,BENIGN_src_103,PortScan,0.09,4,0.28,2.0,20.14,Low,Generate Log,benign
2026-08-13 16:50:56,BENIGN_src_185,DoS GoldenEye,0.72,8,0.21,0.0,39.62,Medium,Alert Admin,benign
2026-08-13 16:51:34,BENIGN_src_103,DoS Hulk,0.14,8,1.12,2.0,41.51,Medium,Alert Admin,benign
2026-08-13 16:51:48,BENIGN_src_34,DoS Slowhttptest,0.57,7,0.0,0.0,33.93,Low,Generate Log,benign
2026-08-13 16:51:52,BENIGN_src_218,Bot,1.58,8,0.0,0.0,43.96,Medium,Alert Admin,benign
2026-08-13 16:52:34,BENIGN_src_2,Bot,0.26,8,0.0,0.0,40.66,Medium,Alert Admin,benign
2026-08-13 16:52:40,BENIGN_src_186,Infiltration,0.76,9,0.46,2.0,49.59,Medium,Alert Admin,benign
2026-08-13 16:53:14,BENIGN_src_177,DoS slowloris,1.16,7,0.1,0.0,35.55,Medium,Alert Admin,benign
2026-08-13 16:53:18,BENIGN_src_256,DoS slowloris,1.13,7,0.0,0.0,35.31,Medium,Alert Admin,benign
2026-08-13 16:53:26,BENIGN_src_140,DoS Slowhttptest,1.8,7,0.0,0.0,37.01,Medium,Alert Admin,benign
2026-08-13 16:53:30,BENIGN_src_140,DoS slowloris,1.77,7,0.99,2.0,40.42,Medium,Alert Admin,benign
2026-08-13 16:53:34,BENIGN_src_103,DoS slowloris,0.08,7,1.6,4.0,39.11,Medium,Alert Admin,benign
2026-08-13 16:54:14,BENIGN_src_26,FTP-Patator,0.29,6,0.0,0.0,28.23,Low,Generate Log,benign
2026-08-13 16:54:16,BENIGN_src_185,DoS GoldenEye,0.94,8,0.76,2.0,43.0,Medium,Alert Admin,benign
2026-08-13 16:54:20,BENIGN_src_101,Infiltration,0.05,9,0.21,0.0,45.45,Medium,Alert Admin,benign
2026-08-13 16:54:44,BENIGN_src_265,Bot,0.96,8,0.57,2.0,45.25,Medium,Alert Admin,benign
2026-08-13 16:54:54,BENIGN_src_129,Bot,0.23,8,0.0,0.0,40.58,Medium,Alert Admin,benign
2026-08-13 16:55:48,BENIGN_src_10,Infiltration,0.22,9,0.46,2.0,48.23,Medium,Alert Admin,benign
2026-08-13 16:55:50,BENIGN_src_105,SSH-Patator,0.1,6,0.02,0.0,27.78,Low,Generate Log,benign
2026-08-13 16:55:52,BENIGN_src_105,FTP-Patator,0.1,6,1.01,2.0,31.28,Low,Generate Log,benign
2026-08-13 16:56:02,BENIGN_src_105,Infiltration,0.07,9,1.97,4.0,52.13,Medium,Alert Admin,benign
2026-08-13 16:56:28,BENIGN_src_23,Bot,6.11,8,0.0,0.0,55.27,Medium,Alert Admin,benign
2026-08-13 16:56:38,BENIGN_src_12,DoS Slowhttptest,2.48,7,0.03,0.0,38.74,Medium,Alert Admin,benign
2026-08-13 16:56:48,BENIGN_src_326,DoS Hulk,1.48,8,0.0,0.0,41.19,Medium,Alert Admin,benign
2026-08-13 16:56:50,BENIGN_src_222,Bot,1.02,8,0.06,0.0,42.65,Medium,Alert Admin,benign
2026-08-13 16:57:08,BENIGN_src_282,Bot,0.83,8,0.0,0.0,42.07,Medium,Alert Admin,benign
2026-08-13 16:57:34,BENIGN_src_87,SSH-Patator,0.69,6,0.0,0.0,29.22,Low,Generate Log,benign
2026-08-13 16:58:16,BENIGN_src_207,Infiltration,0.01,9,0.0,0.0,45.03,Medium,Alert Admin,benign
2026-08-13 16:58:58,BENIGN_src_255,Infiltration,0.4,9,0.0,0.0,46.01,Medium,Alert Admin,benign
2026-08-13 16:59:40,BENIGN_src_255,DDoS,4.2,9,0.91,2.0,58.86,Medium,Alert Admin,benign
2026-08-13 16:59:50,BENIGN_src_101,Infiltration,0.02,9,0.56,2.0,47.89,Medium,Alert Admin,benign
2026-08-13 16:59:54,BENIGN_src_9,DoS Slowhttptest,0.45,7,0.22,0.0,33.95,Low,Generate Log,benign
2026-08-13 16:59:58,BENIGN_src_103,Infiltration,0.14,9,1.07,6.0,52.95,Medium,Alert Admin,benign
2026-08-13 17:00:16,BENIGN_src_156,DoS slowloris,0.24,7,0.0,0.0,33.11,Low,Generate Log,benign
2026-08-13 17:00:38,BENIGN_src_8,PortScan,0.15,4,0.16,0.0,18.13,Low,Generate Log,benign
2026-08-13 17:01:32,BENIGN_src_134,Infiltration,0.36,9,0.2,0.0,46.21,Medium,Alert Admin,benign
2026-08-13 17:01:44,BENIGN_src_0,Bot,0.02,8,0.03,0.0,40.1,Medium,Alert Admin,benign
2026-08-13 17:02:32,BENIGN_src_287,Infiltration,0.26,9,0.0,0.0,45.65,Medium,Alert Admin,benign
2026-08-13 17:03:34,BENIGN_src_11,DoS Slowhttptest,0.57,7,0.11,0.0,34.09,Low,Generate Log,benign
2026-08-13 17:04:08,BENIGN_src_12,DoS Slowhttptest,1.63,7,0.36,2.0,39.12,Medium,Alert Admin,benign
2026-08-13 17:04:20,BENIGN_src_161,Infiltration,0.15,9,0.0,0.0,45.37,Medium,Alert Admin,benign
2026-08-13 17:04:30,BENIGN_src_77,DoS slowloris,0.25,7,0.0,0.0,33.12,Low,Generate Log,benign
2026-08-13 17:04:44,BENIGN_src_109,DoS Hulk,0.11,8,0.06,0.0,37.86,Medium,Alert Admin,benign
2026-08-13 17:04:58,BENIGN_src_129,Infiltration,0.26,9,0.25,0.0,46.03,Medium,Alert Admin,benign
2026-08-13 17:06:58,BENIGN_src_148,Infiltration,0.49,9,0.0,0.0,46.22,Medium,Alert Admin,benign
2026-08-13 17:07:16,BENIGN_src_261,DoS Slowhttptest,0.39,7,0.0,0.0,33.48,Low,Generate Log,benign
2026-08-13 17:08:16,BENIGN_src_10,Infiltration,0.22,9,0.26,0.0,45.95,Medium,Alert Admin,benign
2026-08-13 17:08:50,BENIGN_src_255,Infiltration,0.73,9,0.54,4.0,51.62,Medium,Alert Admin,benign
2026-08-13 17:09:16,BENIGN_src_160,Infiltration,0.27,9,0.06,0.0,45.77,Medium,Alert Admin,benign
2026-08-13 17:09:40,BENIGN_src_172,Bot,0.78,8,0.01,0.0,41.98,Medium,Alert Admin,benign
2026-08-13 17:09:54,BENIGN_src_213,Infiltration,0.09,9,0.0,0.0,45.23,Medium,Alert Admin,benign
2026-08-13 17:10:26,BENIGN_src_0,Bot,0.02,8,0.31,2.0,42.51,Medium,Alert Admin,benign
2026-08-13 17:10:32,BENIGN_src_105,Bot,0.09,8,0.4,0.0,40.82,Medium,Alert Admin,benign
2026-08-13 17:10:52,BENIGN_src_6,Bot,0.03,8,0.0,0.0,40.07,Medium,Alert Admin,benign
2026-08-13 17:11:32,BENIGN_src_13,Bot,1.58,8,0.0,0.0,43.94,Medium,Alert Admin,benign
2026-08-13 17:11:42,BENIGN_src_10,Infiltration,0.25,9,0.78,2.0,48.8,Medium,Alert Admin,benign
2026-08-13 17:12:18,BENIGN_src_67,DoS Slowhttptest,0.39,7,0.0,0.0,33.47,Low,Generate Log,benign
2026-08-13 17:12:22,BENIGN_src_110,Web Attack - XSS,0.1,6,0.03,0.0,27.8,Low,Generate Log,benign
2026-08-13 17:12:28,BENIGN_src_36,DoS Slowhttptest,0.17,7,0.0,0.0,32.92,Low,Generate Log,benign
2026-08-13 17:12:58,BENIGN_src_175,Infiltration,0.31,9,0.0,0.0,45.78,Medium,Alert Admin,benign
2026-08-13 17:13:28,BENIGN_src_110,Web Attack - XSS,0.11,6,0.88,2.0,31.09,Low,Generate Log,benign
2026-08-13 17:13:56,BENIGN_src_305,Infiltration,0.69,9,0.0,0.0,46.72,Medium,Alert Admin,benign
2026-08-13 17:14:22,BENIGN_src_9,DoS Slowhttptest,0.12,7,0.16,0.0,33.05,Low,Generate Log,benign
2026-08-13 17:14:34,BENIGN_src_5,Bot,0.02,8,0.08,0.0,40.16,Medium,Alert Admin,benign
2026-08-13 17:14:44,BENIGN_src_26,DoS GoldenEye,0.94,8,0.06,0.0,39.93,Medium,Alert Admin,benign
2026-08-13 17:15:06,BENIGN_src_10,Infiltration,0.55,9,1.11,4.0,52.04,Medium,Alert Admin,benign
2026-08-13 17:16:20,BENIGN_src_22,Bot,0.21,8,0.0,0.0,40.53,Medium,Alert Admin,benign
2026-08-13 17:16:28,BENIGN_src_185,DoS GoldenEye,0.33,8,0.08,0.0,38.45,Medium,Alert Admin,benign
2026-08-13 17:16:36,BENIGN_src_9,Infiltration,2.7,9,0.85,2.0,55.03,Medium,Alert Admin,benign
2026-08-13 17:16:54,BENIGN_src_258,Bot,0.81,8,0.01,0.0,42.04,Medium,Alert Admin,benign
2026-08-13 17:17:10,BENIGN_src_4,Infiltration,1.41,9,0.0,0.0,48.51,Medium,Alert Admin,benign
2026-08-13 17:17:16,BENIGN_src_156,Heartbleed,0.19,9,0.09,0.0,45.61,Medium,Alert Admin,benign
2026-08-13 17:17:26,BENIGN_src_190,DoS Slowhttptest,0.21,7,0.0,0.0,33.01,Low,Generate Log,benign
2026-08-13 17:17:38,BENIGN_src_218,Web Attack - Brute Force,0.84,6,0.03,0.0,29.63,Low,Generate Log,benign
2026-08-13 17:17:54,BENIGN_src_86,FTP-Patator,0.13,6,0.0,0.0,27.83,Low,Generate Log,benign
2026-08-13 17:18:22,BENIGN_src_317,DoS GoldenEye,0.27,8,0.0,0.0,38.18,Medium,Alert Admin,benign
2026-08-13 17:18:32,BENIGN_src_191,Infiltration,0.25,9,0.0,0.0,45.63,Medium,Alert Admin,benign
2026-08-13 17:19:10,BENIGN_src_65,FTP-Patator,0.74,6,0.0,0.0,29.34,Low,Generate Log,benign
2026-08-13 17:19:22,BENIGN_src_82,DoS Hulk,2.37,8,0.0,0.0,43.43,Medium,Alert Admin,benign
2026-08-13 17:19:38,BENIGN_src_64,DoS Slowhttptest,0.23,7,0.0,0.0,33.07,Low,Generate Log,benign
2026-08-13 17:20:12,BENIGN_src_140,Bot,1.2,8,0.05,0.0,43.08,Medium,Alert Admin,benign
2026-08-13 17:20:24,BENIGN_src_101,FTP-Patator,0.18,6,0.09,0.0,28.1,Low,Generate Log,benign
2026-08-13 17:20:56,BENIGN_src_10,Infiltration,0.21,9,0.94,4.0,50.93,Medium,Alert Admin,benign
2026-08-13 17:21:00,BENIGN_src_194,Infiltration,0.33,9,0.0,0.0,45.83,Medium,Alert Admin,benign
2026-08-13 17:21:12,BENIGN_src_157,Infiltration,0.17,9,0.0,0.0,45.42,Medium,Alert Admin,benign
2026-08-13 17:21:28,BENIGN_src_34,DoS Slowhttptest,0.22,7,0.02,0.0,33.07,Low,Generate Log,benign
2026-08-13 17:21:46,BENIGN_src_36,DoS Slowhttptest,0.13,7,0.28,2.0,35.24,Medium,Alert Admin,benign
2026-08-13 17:21:56,BENIGN_src_7,Bot,0.04,8,0.0,0.0,40.09,Medium,Alert Admin,benign
2026-08-13 17:22:02,BENIGN_src_5,Bot,0.02,8,0.38,2.0,42.62,Medium,Alert Admin,benign
2026-08-13 17:22:10,BENIGN_src_0,Bot,0.02,8,0.26,0.0,40.43,Medium,Alert Admin,benign
2026-08-13 17:24:40,BENIGN_src_142,Bot,5.7,8,0.0,0.0,54.24,Medium,Alert Admin,benign
2026-08-13 17:24:50,BENIGN_src_262,DoS slowloris,0.25,7,0.0,0.0,33.11,Low,Generate Log,benign
2026-08-13 17:25:04,BENIGN_src_264,Bot,1.03,8,0.0,0.0,42.57,Medium,Alert Admin,benign
2026-08-13 17:25:12,BENIGN_src_109,DoS Slowhttptest,0.01,7,0.06,0.0,32.61,Low,Generate Log,benign
2026-08-13 17:26:44,BENIGN_src_40,FTP-Patator,0.67,6,0.0,0.0,29.18,Low,Generate Log,benign
2026-08-13 17:27:34,BENIGN_src_109,DoS Slowhttptest,0.01,7,0.76,2.0,35.67,Medium,Alert Admin,benign
2026-08-13 17:27:44,BENIGN_src_101,Bot,0.08,8,0.39,2.0,42.79,Medium,Alert Admin,benign
2026-08-13 17:27:46,BENIGN_src_10,Infiltration,0.49,9,0.75,2.0,49.34,Medium,Alert Admin,benign
2026-08-13 17:27:54,BENIGN_src_180,Bot,0.27,8,0.0,0.0,40.68,Medium,Alert Admin,benign
2026-08-13 17:28:20,BENIGN_src_43,FTP-Patator,0.09,6,0.0,0.0,27.73,Low,Generate Log,benign
2026-08-13 17:28:22,BENIGN_src_138,Infiltration,0.36,9,0.0,0.0,45.9,Medium,Alert Admin,benign
2026-08-13 17:28:28,BENIGN_src_4,FTP-Patator,0.12,6,0.21,0.0,28.11,Low,Generate Log,benign
2026-08-13 17:29:52,BENIGN_src_328,FTP-Patator,0.14,6,0.0,0.0,27.85,Low,Generate Log,benign
2026-08-13 17:30:02,BENIGN_src_138,Infiltration,0.35,9,0.79,2.0,49.07,Medium,Alert Admin,benign
2026-08-13 17:30:58,BENIGN_src_109,DoS Hulk,0.11,8,1.1,4.0,43.43,Medium,Alert Admin,benign
2026-08-13 17:31:34,BENIGN_src_6,Bot,0.03,8,0.06,0.0,40.16,Medium,Alert Admin,benign
2026-08-13 17:32:36,BENIGN_src_5,FTP-Patator,0.17,6,0.32,0.0,28.41,Low,Generate Log,benign
2026-08-13 17:33:14,BENIGN_src_135,DoS slowloris,0.08,7,0.0,0.0,32.69,Low,Generate Log,benign
2026-08-13 17:33:34,BENIGN_src_0,Bot,0.02,8,0.26,0.0,40.44,Medium,Alert Admin,benign
2026-08-13 17:33:54,BENIGN_src_182,Infiltration,0.2,9,0.0,0.0,45.49,Medium,Alert Admin,benign
2026-08-13 17:34:20,BENIGN_src_109,DoS slowloris,0.07,7,1.32,6.0,40.66,Medium,Alert Admin,benign
2026-08-13 17:35:18,BENIGN_src_9,DoS Slowhttptest,0.45,7,0.14,0.0,33.84,Low,Generate Log,benign
2026-08-13 17:35:38,BENIGN_src_83,Bot,0.4,8,0.0,0.0,41.0,Medium,Alert Admin,benign
2026-08-13 17:36:04,BENIGN_src_136,Infiltration,0.26,9,0.0,0.0,45.64,Medium,Alert Admin,benign
2026-08-13 17:36:42,BENIGN_src_105,Bot,0.37,8,0.04,0.0,40.98,Medium,Alert Admin,benign
2026-08-13 17:37:24,BENIGN_src_8,DoS Slowhttptest,0.37,7,0.01,0.0,33.44,Low,Generate Log,benign
2026-08-13 17:39:18,BENIGN_src_264,Bot,1.01,8,0.14,0.0,42.73,Medium,Alert Admin,benign
2026-08-13 17:40:44,BENIGN_src_0,Bot,0.13,8,0.47,2.0,43.02,Medium,Alert Admin,benign
2026-08-13 17:41:24,BENIGN_src_10,Infiltration,0.2,9,0.26,0.0,45.9,Medium,Alert Admin,benign
2026-08-13 17:41:28,BENIGN_src_112,Infiltration,0.39,9,0.0,0.0,45.96,Medium,Alert Admin,benign
2026-08-13 17:41:44,BENIGN_src_221,Infiltration,0.55,9,0.0,0.0,46.39,Medium,Alert Admin,benign
2026-08-13 17:41:48,BENIGN_src_65,DoS slowloris,0.28,7,0.04,0.0,33.27,Low,Generate Log,benign
2026-08-13 17:41:50,BENIGN_src_12,SSH-Patator,0.68,6,0.01,0.0,29.21,Low,Generate Log,benign
2026-08-13 17:42:30,BENIGN_src_265,Bot,0.97,8,0.0,0.0,42.44,Medium,Alert Admin,benign
2026-08-13 17:42:48,BENIGN_src_6,Bot,0.03,8,0.22,0.0,40.4,Medium,Alert Admin,benign
2026-08-13 17:42:50,BENIGN_src_170,Infiltration,0.29,9,0.0,0.0,45.72,Medium,Alert Admin,benign
2026-08-13 17:42:54,BENIGN_src_109,DoS slowloris,0.26,7,0.71,2.0,36.2,Medium,Alert Admin,benign
2026-08-13 17:44:08,BENIGN_src_109,DoS Slowhttptest,0.01,7,1.44,4.0,38.68,Medium,Alert Admin,benign
2026-08-13 17:44:30,BENIGN_src_87,Infiltration,1.43,9,0.0,0.0,48.59,Medium,Alert Admin,benign
2026-08-13 17:44:56,BENIGN_src_13,Bot,0.22,8,0.01,0.0,40.57,Medium,Alert Admin,benign
2026-08-13 17:45:24,BENIGN_src_4,Bot,0.24,8,0.12,0.0,40.77,Medium,Alert Admin,benign
2026-08-13 17:45:36,BENIGN_src_66,DoS slowloris,0.3,7,0.0,0.0,33.25,Low,Generate Log,benign
2026-08-13 17:45:40,BENIGN_src_10,Infiltration,0.54,9,0.7,2.0,49.41,Medium,Alert Admin,benign
2026-08-13 17:45:44,BENIGN_src_68,Infiltration,0.27,9,0.0,0.0,45.68,Medium,Alert Admin,benign
2026-08-13 17:45:50,BENIGN_src_105,FTP-Patator,0.1,6,0.29,2.0,30.2,Low,Generate Log,benign
2026-08-13 17:46:02,BENIGN_src_101,Bot,0.08,8,0.11,0.0,40.35,Medium,Alert Admin,benign
2026-08-13 17:46:36,BENIGN_src_31,Infiltration,1.08,9,0.0,0.0,47.7,Medium,Alert Admin,benign
2026-08-13 17:46:40,DoS_Hulk_src_22,DoS Hulk,1.01,8,0.0,0.0,40.02,Medium,Alert Admin,attack
2026-08-13 17:46:54,DoS_GoldenEye_src_18,DoS GoldenEye,1.03,8,0.0,0.0,40.08,Medium,Alert Admin,attack
2026-08-13 17:46:56,DDoS_src_17,DDoS,0.6,9,0.0,0.0,46.51,Medium,Alert Admin,attack
2026-08-13 17:47:02,SSH_Patator_src_4,SSH-Patator,0.39,6,0.0,0.0,28.47,Low,Generate Log,attack
2026-08-13 17:47:06,Bot_src_16,Bot,0.22,8,0.0,0.0,40.55,Medium,Alert Admin,attack
2026-08-13 17:47:08,Bot_src_15,Bot,0.24,8,0.0,0.0,40.61,Medium,Alert Admin,attack
2026-08-13 17:47:12,DoS_GoldenEye_src_27,DoS GoldenEye,0.87,8,0.0,0.0,39.68,Medium,Alert Admin,attack
2026-08-13 17:47:20,DoS_Slowhttptest_src_15,DoS Slowhttptest,1.09,7,0.0,0.0,35.23,Medium,Alert Admin,attack
2026-08-13 17:47:26,DDoS_src_3,DDoS,0.7,9,0.0,0.0,46.74,Medium,Alert Admin,attack
2026-08-13 17:47:50,Infiltration_src_1,Infiltration,1.62,9,0.0,0.0,49.04,Medium,Alert Admin,attack
2026-08-13 17:47:56,DDoS_src_27,DDoS,1.31,9,0.0,0.0,48.28,Medium,Alert Admin,attack
2026-08-13 17:48:04,DoS_slowloris_src_32,DoS slowloris,1.06,7,0.0,0.0,35.16,Medium,Alert Admin,attack
2026-08-13 17:48:06,DoS_Hulk_src_13,DoS Hulk,0.66,8,0.0,0.0,39.15,Medium,Alert Admin,attack
2026-08-13 17:48:08,Bot_src_10,Bot,0.23,8,0.0,0.0,40.59,Medium,Alert Admin,attack
2026-08-13 17:48:10,DoS_slowloris_src_13,DoS slowloris,0.99,7,0.0,0.0,34.97,Low,Generate Log,attack
2026-08-13 17:48:12,DoS_Hulk_src_5,DoS Hulk,1.03,8,0.0,0.0,40.08,Medium,Alert Admin,attack
2026-08-13 17:48:16,DoS_Hulk_src_23,DoS Hulk,0.76,8,0.0,0.0,39.41,Medium,Alert Admin,attack
2026-08-13 17:48:22,SSH_Patator_src_14,SSH-Patator,0.43,6,0.0,0.0,28.58,Low,Generate Log,attack
2026-08-13 17:48:28,DoS_Hulk_src_6,DoS Hulk,1.64,8,0.0,0.0,41.6,Medium,Alert Admin,attack
2026-08-13 17:48:36,Bot_src_26,Bot,0.22,8,0.0,0.0,40.54,Medium,Alert Admin,attack
2026-08-13 17:48:40,DDoS_src_19,DDoS,1.11,9,0.0,0.0,47.79,Medium,Alert Admin,attack
2026-08-13 17:48:46,DoS_Hulk_src_19,DoS Hulk,0.79,8,0.0,0.0,39.47,Medium,Alert Admin,attack
2026-08-13 17:48:48,DDoS_src_3,DDoS,0.69,9,0.83,2.0,49.97,Medium,Alert Admin,attack
2026-08-13 17:48:50,DoS_Hulk_src_0,DoS Hulk,0.88,8,0.0,0.0,39.71,Medium,Alert Admin,attack
2026-08-13 17:49:08,DoS_Slowhttptest_src_5,DoS Slowhttptest,1.61,7,0.0,0.0,36.52,Medium,Alert Admin,attack
2026-08-13 17:49:26,DDoS_src_22,DDoS,1.86,9,0.0,0.0,49.65,Medium,Alert Admin,attack
2026-08-13 17:49:28,DoS_GoldenEye_src_27,DoS GoldenEye,2.36,8,0.73,2.0,46.49,Medium,Alert Admin,attack
2026-08-13 17:49:36,DoS_Slowhttptest_src_7,DoS Slowhttptest,1.59,7,0.0,0.0,36.47,Medium,Alert Admin,attack
2026-08-13 17:49:38,DoS_Slowhttptest_src_1,DoS Slowhttptest,1.58,7,0.0,0.0,36.46,Medium,Alert Admin,attack
2026-08-13 17:49:44,DoS_slowloris_src_24,DoS slowloris,0.38,7,0.0,0.0,33.44,Low,Generate Log,attack
2026-08-13 17:49:48,Bot_src_4,Bot,0.24,8,0.0,0.0,40.61,Medium,Alert Admin,attack
2026-08-13 17:49:50,DDoS_src_32,DDoS,1.37,9,0.0,0.0,48.43,Medium,Alert Admin,attack
2026-08-13 17:49:58,DDoS_src_24,DDoS,0.56,9,0.0,0.0,46.4,Medium,Alert Admin,attack
2026-08-13 17:50:00,DoS_Slowhttptest_src_3,DoS Slowhttptest,1.61,7,0.0,0.0,36.52,Medium,Alert Admin,attack
2026-08-13 17:50:04,DoS_Hulk_src_8,DoS Hulk,0.43,8,0.0,0.0,38.59,Medium,Alert Admin,attack
2026-08-13 17:50:08,DoS_GoldenEye_src_24,DoS GoldenEye,1.3,8,0.0,0.0,40.75,Medium,Alert Admin,attack
2026-08-13 17:50:22,DDoS_src_11,DDoS,0.7,9,0.0,0.0,46.74,Medium,Alert Admin,attack
2026-08-13 17:50:52,DoS_slowloris_src_25,DoS slowloris,0.41,7,0.0,0.0,33.52,Low,Generate Log,attack
2026-08-13 17:50:54,DDoS_src_9,DDoS,1.87,9,0.0,0.0,49.67,Medium,Alert Admin,attack
2026-08-13 17:51:00,Infiltration_src_0,Infiltration,4.04,9,0.0,0.0,55.11,Medium,Alert Admin,attack
2026-08-13 17:51:02,DoS_GoldenEye_src_22,DoS GoldenEye,0.86,8,0.0,0.0,39.65,Medium,Alert Admin,attack
2026-08-13 17:51:10,DoS_Slowhttptest_src_15,DoS Slowhttptest,1.09,7,0.59,2.0,38.11,Medium,Alert Admin,attack
2026-08-13 17:51:24,Bot_src_19,Bot,0.24,8,0.0,0.0,40.6,Medium,Alert Admin,attack
2026-08-13 17:51:36,Web_Attack_�_Sql_Injection_src_0,Web Attack - Sql Injection,0.4,6,0.0,0.0,28.49,Low,Generate Log,attack
2026-08-13 17:51:40,DoS_slowloris_src_13,DoS slowloris,0.99,7,0.62,2.0,37.9,Medium,Alert Admin,attack
2026-08-13 17:51:46,DoS_Slowhttptest_src_9,DoS Slowhttptest,1.36,7,0.0,0.0,35.91,Medium,Alert Admin,attack
2026-08-13 17:51:58,DoS_slowloris_src_17,DoS slowloris,3.07,7,0.0,0.0,40.18,Medium,Alert Admin,attack
2026-08-13 17:52:12,DoS_Hulk_src_11,DoS Hulk,0.72,8,0.0,0.0,39.29,Medium,Alert Admin,attack
2026-08-13 17:52:14,SSH_Patator_src_8,SSH-Patator,0.41,6,0.0,0.0,28.52,Low,Generate Log,attack
2026-08-13 17:52:16,DoS_slowloris_src_15,DoS slowloris,0.99,7,0.0,0.0,34.97,Low,Generate Log,attack
2026-08-13 17:52:18,DoS_slowloris_src_15,DoS slowloris,0.99,7,1.0,2.0,38.47,Medium,Alert Admin,attack
2026-08-13 17:52:20,Bot_src_0,Bot,0.37,8,0.0,0.0,40.91,Medium,Alert Admin,attack
2026-08-13 17:52:30,DoS_Slowhttptest_src_3,DoS Slowhttptest,1.61,7,0.71,2.0,39.58,Medium,Alert Admin,attack
2026-08-13 17:52:36,DDoS_src_23,DDoS,1.97,9,0.0,0.0,49.93,Medium,Alert Admin,attack
2026-08-13 17:52:38,SSH_Patator_src_30,SSH-Patator,0.37,6,0.0,0.0,28.43,Low,Generate Log,attack
2026-08-13 17:52:40,DoS_Hulk_src_25,DoS Hulk,0.72,8,0.0,0.0,39.31,Medium,Alert Admin,attack
2026-08-13 17:52:44,DoS_Hulk_src_18,DoS Hulk,1.6,8,0.0,0.0,41.49,Medium,Alert Admin,attack
2026-08-13 17:52:48,DoS_GoldenEye_src_3,DoS GoldenEye,0.74,8,0.0,0.0,39.35,Medium,Alert Admin,attack
2026-08-13 17:52:58,DoS_Hulk_src_16,DoS Hulk,0.7,8,0.0,0.0,39.25,Medium,Alert Admin,attack
2026-08-13 17:53:02,DoS_GoldenEye_src_0,DoS GoldenEye,1.76,8,0.0,0.0,41.9,Medium,Alert Admin,attack
2026-08-13 17:53:04,DoS_Hulk_src_12,DoS Hulk,0.77,8,0.0,0.0,39.41,Medium,Alert Admin,attack
2026-08-13 17:53:14,DoS_Hulk_src_9,DoS Hulk,1.0,8,0.0,0.0,40.0,Medium,Alert Admin,attack
2026-08-13 17:53:20,DDoS_src_15,DDoS,0.39,9,0.0,0.0,45.97,Medium,Alert Admin,attack
2026-08-13 17:53:22,DoS_Hulk_src_5,DoS Hulk,0.69,8,0.49,2.0,41.95,Medium,Alert Admin,attack
2026-08-13 17:53:24,DoS_Slowhttptest_src_5,DoS Slowhttptest,1.61,7,0.55,2.0,39.34,Medium,Alert Admin,attack
2026-08-13 17:53:30,DoS_slowloris_src_9,DoS slowloris,2.43,7,0.0,0.0,38.57,Medium,Alert Admin,attack
2026-08-13 17:53:36,DDoS_src_27,DDoS,3.12,9,0.46,2.0,55.49,Medium,Alert Admin,attack
2026-08-13 17:53:40,DoS_Hulk_src_25,DoS Hulk,0.48,8,0.87,2.0,42.0,Medium,Alert Admin,attack
2026-08-13 17:53:46,DoS_Hulk_src_1,DoS Hulk,1.55,8,0.0,0.0,41.38,Medium,Alert Admin,attack
2026-08-13 17:53:48,DoS_slowloris_src_18,DoS slowloris,3.07,7,0.0,0.0,40.18,Medium,Alert Admin,attack
2026-08-13 17:53:50,DDoS_src_4,DDoS,0.39,9,0.0,0.0,45.99,Medium,Alert Admin,attack
2026-08-13 17:53:56,SSH_Patator_src_17,SSH-Patator,0.39,6,0.0,0.0,28.49,Low,Generate Log,attack
2026-08-13 17:54:02,DDoS_src_15,DDoS,1.57,9,0.91,2.0,52.29,Medium,Alert Admin,attack
2026-08-13 17:54:10,DoS_Hulk_src_1,DoS Hulk,0.72,8,0.95,2.0,42.73,Medium,Alert Admin,attack
2026-08-13 17:54:12,DoS_GoldenEye_src_16,DoS GoldenEye,1.62,8,0.0,0.0,41.56,Medium,Alert Admin,attack
2026-08-13 17:54:28,DoS_Hulk_src_16,DoS Hulk,2.13,8,0.81,2.0,46.05,Medium,Alert Admin,attack
2026-08-13 17:54:36,Bot_src_32,Bot,0.23,8,0.0,0.0,40.58,Medium,Alert Admin,attack
2026-08-13 17:54:38,DDoS_src_31,DDoS,0.77,9,0.0,0.0,46.92,Medium,Alert Admin,attack
2026-08-13 17:54:46,SSH_Patator_src_29,SSH-Patator,0.41,6,0.0,0.0,28.52,Low,Generate Log,attack
2026-08-13 17:54:54,Bot_src_24,Bot,0.29,8,0.0,0.0,40.73,Medium,Alert Admin,attack
2026-08-13 17:55:10,DoS_Hulk_src_5,DoS Hulk,0.72,8,1.16,4.0,45.03,Medium,Alert Admin,attack
2026-08-13 17:55:12,Bot_src_1,Bot,0.39,8,0.0,0.0,40.96,Medium,Alert Admin,attack
2026-08-13 17:55:26,DoS_Hulk_src_10,DoS Hulk,1.16,8,0.0,0.0,40.41,Medium,Alert Admin,attack
2026-08-13 17:55:28,DoS_GoldenEye_src_25,DoS GoldenEye,1.05,8,0.0,0.0,40.13,Medium,Alert Admin,attack
2026-08-13 17:55:32,DDoS_src_22,DDoS,0.92,9,0.43,2.0,49.94,Medium,Alert Admin,attack
2026-08-13 17:55:34,DDoS_src_7,DDoS,0.72,9,0.0,0.0,46.8,Medium,Alert Admin,attack
2026-08-13 17:55:40,Bot_src_12,Bot,2.69,8,0.0,0.0,46.72,Medium,Alert Admin,attack
2026-08-13 17:55:46,DDoS_src_26,DDoS,0.69,9,0.0,0.0,46.73,Medium,Alert Admin,attack
2026-08-13 17:55:48,DoS_Hulk_src_12,DoS Hulk,0.76,8,0.68,2.0,42.44,Medium,Alert Admin,attack
2026-08-13 17:55:50,DoS_slowloris_src_20,DoS slowloris,0.71,7,0.0,0.0,34.28,Low,Generate Log,attack
2026-08-13 17:56:00,Bot_src_27,Bot,0.25,8,0.0,0.0,40.62,Medium,Alert Admin,attack
2026-08-13 17:56:02,DDoS_src_21,DDoS,0.32,9,0.0,0.0,45.79,Medium,Alert Admin,attack
2026-08-13 17:56:22,PortScan_src_18,PortScan,0.4,4,0.0,0.0,18.51,Low,Generate Log,attack
2026-08-13 17:56:24,DoS_slowloris_src_16,DoS slowloris,3.07,7,0.0,0.0,40.17,Medium,Alert Admin,attack
2026-08-13 17:56:40,DDoS_src_16,DDoS,2.97,9,0.0,0.0,52.41,Medium,Alert Admin,attack
2026-08-13 17:56:46,DoS_GoldenEye_src_6,DoS GoldenEye,1.03,8,0.0,0.0,40.08,Medium,Alert Admin,attack
2026-08-13 17:56:48,DDoS_src_0,DDoS,0.06,9,0.0,0.0,45.16,Medium,Alert Admin,attack
2026-08-13 17:56:54,DDoS_src_16,DDoS,0.73,9,0.97,2.0,50.27,Medium,Alert Admin,attack
2026-08-13 17:56:58,DoS_slowloris_src_28,DoS slowloris,1.07,7,0.0,0.0,35.17,Medium,Alert Admin,attack
2026-08-13 17:57:02,DDoS_src_19,DDoS,0.95,9,0.31,2.0,49.84,Medium,Alert Admin,attack
2026-08-13 17:57:14,DoS_Hulk_src_23,DoS Hulk,2.58,8,0.29,2.0,46.38,Medium,Alert Admin,attack
2026-08-13 17:57:18,DoS_GoldenEye_src_27,DoS GoldenEye,2.22,8,0.58,2.0,45.92,Medium,Alert Admin,attack
2026-08-13 17:57:30,DoS_Slowhttptest_src_6,DoS Slowhttptest,1.6,7,0.0,0.0,36.51,Medium,Alert Admin,attack
2026-08-13 17:57:44,DoS_slowloris_src_12,DoS slowloris,0.34,7,0.0,0.0,33.36,Low,Generate Log,attack
2026-08-13 17:57:54,DoS_GoldenEye_src_18,DoS GoldenEye,1.03,8,0.22,0.0,40.4,Medium,Alert Admin,attack
2026-08-13 17:57:56,DoS_Hulk_src_30,DoS Hulk,0.94,8,0.0,0.0,39.84,Medium,Alert Admin,attack
2026-08-13 17:58:02,Bot_src_4,Bot,0.25,8,0.32,2.0,43.1,Medium,Alert Admin,attack
2026-08-13 17:58:04,SSH_Patator_src_22,SSH-Patator,0.41,6,0.0,0.0,28.53,Low,Generate Log,attack
2026-08-13 17:58:08,DoS_Hulk_src_24,DoS Hulk,0.4,8,0.0,0.0,38.51,Medium,Alert Admin,attack
2026-08-13 17:58:12,DoS_GoldenEye_src_32,DoS GoldenEye,2.32,8,0.0,0.0,43.29,Medium,Alert Admin,attack
2026-08-13 17:58:26,PortScan_src_19,PortScan,0.72,4,0.0,0.0,19.31,Low,Generate Log,attack
2026-08-13 17:58:32,DoS_Hulk_src_21,DoS Hulk,0.47,8,0.0,0.0,38.68,Medium,Alert Admin,attack
2026-08-13 17:58:34,DoS_Hulk_src_10,DoS Hulk,0.45,8,0.65,2.0,41.6,Medium,Alert Admin,attack
2026-08-13 17:58:40,DoS_Slowhttptest_src_1,DoS Slowhttptest,1.58,7,0.29,2.0,38.88,Medium,Alert Admin,attack
2026-08-13 17:58:52,DoS_GoldenEye_src_6,DoS GoldenEye,1.4,8,0.75,2.0,44.12,Medium,Alert Admin,attack
2026-08-13 17:58:54,Bot_src_14,Bot,0.22,8,0.0,0.0,40.55,Medium,Alert Admin,attack
2026-08-13 17:58:56,DDoS_src_5,DDoS,1.78,9,0.0,0.0,49.46,Medium,Alert Admin,attack
2026-08-13 17:59:00,SSH_Patator_src_8,SSH-Patator,0.41,6,0.39,2.0,31.11,Low,Generate Log,attack
2026-08-13 17:59:04,Bot_src_23,Bot,0.25,8,0.0,0.0,40.62,Medium,Alert Admin,attack
2026-08-13 17:59:10,Bot_src_14,Bot,0.23,8,0.96,2.0,44.01,Medium,Alert Admin,attack
2026-08-13 17:59:22,DoS_Slowhttptest_src_27,DoS Slowhttptest,1.1,7,0.0,0.0,35.26,Medium,Alert Admin,attack
2026-08-13 17:59:24,SSH_Patator_src_29,SSH-Patator,0.41,6,0.53,2.0,31.31,Low,Generate Log,attack
2026-08-13 17:59:30,DoS_Hulk_src_12,DoS Hulk,0.52,8,1.01,4.0,44.3,Medium,Alert Admin,attack
2026-08-13 17:59:32,Bot_src_6,Bot,0.3,8,0.0,0.0,40.76,Medium,Alert Admin,attack
2026-08-13 17:59:34,Bot_src_7,Bot,0.24,8,0.0,0.0,40.59,Medium,Alert Admin,attack
2026-08-13 17:59:36,DoS_GoldenEye_src_12,DoS GoldenEye,1.67,8,0.0,0.0,41.68,Medium,Alert Admin,attack
2026-08-13 17:59:38,Bot_src_10,Bot,0.24,8,0.2,0.0,40.9,Medium,Alert Admin,attack
2026-08-13 17:59:46,DoS_slowloris_src_12,DoS slowloris,0.34,7,0.75,2.0,36.49,Medium,Alert Admin,attack
2026-08-13 17:59:50,DoS_Slowhttptest_src_5,DoS Slowhttptest,1.61,7,0.64,2.0,39.47,Medium,Alert Admin,attack
2026-08-13 17:59:52,DoS_Hulk_src_2,DoS Hulk,0.81,8,0.0,0.0,39.52,Medium,Alert Admin,attack
2026-08-13 17:59:56,DoS_GoldenEye_src_15,DoS GoldenEye,1.33,8,0.0,0.0,40.81,Medium,Alert Admin,attack
2026-08-13 17:59:58,DDoS_src_31,DDoS,2.98,9,0.48,2.0,55.17,Medium,Alert Admin,attack
2026-08-13 18:00:04,DoS_Slowhttptest_src_7,DoS Slowhttptest,1.59,7,0.23,0.0,36.82,Medium,Alert Admin,attack
2026-08-13 18:00:08,DoS_slowloris_src_15,DoS slowloris,0.99,7,0.67,4.0,39.99,Medium,Alert Admin,attack
2026-08-13 18:00:20,DoS_Hulk_src_21,DoS Hulk,2.14,8,0.78,2.0,46.02,Medium,Alert Admin,attack
2026-08-13 18:00:26,Bot_src_11,Bot,4.76,8,0.0,0.0,51.91,Medium,Alert Admin,attack
2026-08-13 18:00:28,DoS_GoldenEye_src_30,DoS GoldenEye,1.64,8,0.0,0.0,41.61,Medium,Alert Admin,attack
2026-08-13 18:00:32,DoS_Hulk_src_24,DoS Hulk,0.4,8,0.72,2.0,41.58,Medium,Alert Admin,attack
2026-08-13 18:00:36,DoS_GoldenEye_src_1,DoS GoldenEye,1.73,8,0.0,0.0,41.83,Medium,Alert Admin,attack
2026-08-13 18:00:38,DoS_slowloris_src_29,DoS slowloris,0.43,7,0.0,0.0,33.56,Low,Generate Log,attack
2026-08-13 18:00:42,DoS_Hulk_src_7,DoS Hulk,0.73,8,0.0,0.0,39.32,Medium,Alert Admin,attack
2026-08-13 18:00:50,DoS_Hulk_src_32,DoS Hulk,0.38,8,0.0,0.0,38.46,Medium,Alert Admin,attack
2026-08-13 18:01:04,DDoS_src_11,DDoS,0.59,9,0.23,0.0,46.83,Medium,Alert Admin,attack
2026-08-13 18:01:12,DoS_Slowhttptest_src_14,DoS Slowhttptest,1.11,7,0.0,0.0,35.27,Medium,Alert Admin,attack
2026-08-13 18:01:14,DoS_slowloris_src_18,DoS slowloris,3.07,7,0.36,2.0,42.72,Medium,Alert Admin,attack
2026-08-13 18:01:28,DoS_slowloris_src_9,DoS slowloris,2.43,7,0.33,2.0,41.06,Medium,Alert Admin,attack
2026-08-13 18:01:34,DDoS_src_18,DDoS,2.97,9,0.0,0.0,52.42,Medium,Alert Admin,attack
2026-08-13 18:01:36,DoS_Hulk_src_6,DoS Hulk,1.05,8,0.16,0.0,40.37,Medium,Alert Admin,attack
2026-08-13 18:01:46,DoS_Slowhttptest_src_1,DoS Slowhttptest,1.58,7,0.84,2.0,39.72,Medium,Alert Admin,attack
2026-08-13 18:01:50,DoS_GoldenEye_src_23,DoS GoldenEye,1.04,8,0.0,0.0,40.09,Medium,Alert Admin,attack
2026-08-13 18:01:54,DoS_slowloris_src_32,DoS slowloris,1.27,7,0.15,0.0,35.88,Medium,Alert Admin,attack
2026-08-13 18:02:02,DoS_Slowhttptest_src_4,DoS Slowhttptest,1.61,7,0.0,0.0,36.52,Medium,Alert Admin,attack
2026-08-13 18:02:14,DDoS_src_20,DDoS,3.01,9,0.0,0.0,52.52,Medium,Alert Admin,attack
2026-08-13 18:02:16,DoS_Slowhttptest_src_6,DoS Slowhttptest,1.59,7,0.52,2.0,39.24,Medium,Alert Admin,attack
2026-08-13 18:02:22,DoS_Slowhttptest_src_22,DoS Slowhttptest,1.6,7,0.0,0.0,36.51,Medium,Alert Admin,attack
2026-08-13 18:02:26,DoS_slowloris_src_13,DoS slowloris,0.99,7,0.36,0.0,35.52,Medium,Alert Admin,attack
2026-08-13 18:02:38,DoS_slowloris_src_9,DoS slowloris,2.43,7,1.13,4.0,44.26,Medium,Alert Admin,attack
2026-08-13 18:02:44,DoS_slowloris_src_14,DoS slowloris,0.99,7,0.0,0.0,34.97,Low,Generate Log,attack
2026-08-13 18:02:48,Bot_src_30,Bot,0.24,8,0.0,0.0,40.59,Medium,Alert Admin,attack
2026-08-13 18:02:56,DoS_Hulk_src_14,DoS Hulk,0.74,8,0.0,0.0,39.36,Medium,Alert Admin,attack
2026-08-13 18:03:20,DoS_Slowhttptest_src_4,DoS Slowhttptest,1.61,7,0.84,2.0,39.77,Medium,Alert Admin,attack
2026-08-13 18:03:24,DoS_Hulk_src_6,DoS Hulk,0.49,8,0.91,2.0,42.08,Medium,Alert Admin,attack
2026-08-13 18:03:34,DDoS_src_0,DDoS,0.85,9,0.39,2.0,49.71,Medium,Alert Admin,attack
2026-08-13 18:03:58,DDoS_src_24,DDoS,1.83,9,0.14,0.0,49.78,Medium,Alert Admin,attack
2026-08-13 18:04:02,FTP_Patator_src_0,FTP-Patator,0.38,6,0.0,0.0,28.44,Low,Generate Log,attack
2026-08-13 18:04:26,PortScan_src_21,PortScan,0.74,4,0.0,0.0,19.36,Low,Generate Log,attack
2026-08-13 18:04:28,DDoS_src_0,DDoS,4.29,9,1.23,4.0,61.57,High,Blacklist IP,attack
2026-08-13 18:04:34,SSH_Patator_src_31,SSH-Patator,0.39,6,0.0,0.0,28.47,Low,Generate Log,attack
2026-08-13 18:04:36,DoS_GoldenEye_src_3,DoS GoldenEye,1.07,8,0.19,0.0,40.48,Medium,Alert Admin,attack
2026-08-13 18:04:42,SSH_Patator_src_25,SSH-Patator,0.38,6,0.0,0.0,28.44,Low,Generate Log,attack
2026-08-13 18:04:44,DoS_Hulk_src_32,DoS Hulk,0.29,8,0.58,2.0,41.1,Medium,Alert Admin,attack
2026-08-13 18:04:54,DDoS_src_4,DDoS,0.71,9,0.22,0.0,47.11,Medium,Alert Admin,attack
2026-08-13 18:04:56,Bot_src_22,Bot,0.24,8,0.0,0.0,40.59,Medium,Alert Admin,attack
2026-08-13 18:05:02,DDoS_src_7,DDoS,1.14,9,0.27,2.0,50.25,Medium,Alert Admin,attack
2026-08-13 18:05:04,DoS_Hulk_src_8,DoS Hulk,0.48,8,0.13,0.0,38.9,Medium,Alert Admin,attack
2026-08-13 18:05:08,Bot_src_13,Bot,0.24,8,0.0,0.0,40.61,Medium,Alert Admin,attack
2026-08-13 18:05:10,SSH_Patator_src_24,SSH-Patator,0.38,6,0.0,0.0,28.46,Low,Generate Log,attack
2026-08-13 18:05:24,DoS_GoldenEye_src_23,DoS GoldenEye,1.43,8,0.61,2.0,43.99,Medium,Alert Admin,attack
2026-08-13 18:05:28,DoS_GoldenEye_src_12,DoS GoldenEye,1.65,8,0.44,2.0,44.3,Medium,Alert Admin,attack
2026-08-13 18:05:32,Infiltration_src_1,Infiltration,0.41,9,0.09,0.0,46.17,Medium,Alert Admin,attack
2026-08-13 18:05:38,DoS_Hulk_src_18,DoS Hulk,0.7,8,0.17,0.0,39.49,Medium,Alert Admin,attack
2026-08-13 18:05:42,Bot_src_22,Bot,0.24,8,0.9,2.0,43.94,Medium,Alert Admin,attack
2026-08-13 18:05:54,DoS_Hulk_src_31,DoS Hulk,1.59,8,0.0,0.0,41.48,Medium,Alert Admin,attack
2026-08-13 18:05:56,DoS_Slowhttptest_src_5,DoS Slowhttptest,1.61,7,0.7,2.0,39.57,Medium,Alert Admin,attack
2026-08-13 18:05:58,DoS_Hulk_src_13,DoS Hulk,0.98,8,0.08,0.0,40.06,Medium,Alert Admin,attack
2026-08-13 18:06:16,Bot_src_25,Bot,0.37,8,0.0,0.0,40.91,Medium,Alert Admin,attack
2026-08-13 18:06:18,DDoS_src_19,DDoS,0.6,9,0.36,2.0,49.04,Medium,Alert Admin,attack
2026-08-13 18:06:28,DoS_slowloris_src_24,DoS slowloris,0.41,7,0.1,0.0,33.66,Low,Generate Log,attack
2026-08-13 18:06:30,DoS_slowloris_src_20,DoS slowloris,0.95,7,0.23,0.0,35.21,Medium,Alert Admin,attack
2026-08-13 18:06:36,DDoS_src_26,DDoS,0.95,9,0.22,0.0,47.72,Medium,Alert Admin,attack
2026-08-13 18:06:38,DoS_Hulk_src_33,DoS Hulk,0.69,8,0.0,0.0,39.23,Medium,Alert Admin,attack
2026-08-13 18:06:40,SSH_Patator_src_19,SSH-Patator,0.4,6,0.0,0.0,28.49,Low,Generate Log,attack
2026-08-13 18:06:44,DoS_GoldenEye_src_17,DoS GoldenEye,2.08,8,0.0,0.0,42.7,Medium,Alert Admin,attack
2026-08-13 18:06:50,DoS_Hulk_src_20,DoS Hulk,0.6,8,0.0,0.0,38.99,Medium,Alert Admin,attack
2026-08-13 18:06:56,DDoS_src_2,DDoS,0.97,9,0.0,0.0,47.43,Medium,Alert Admin,attack
2026-08-13 18:07:06,SSH_Patator_src_12,SSH-Patator,0.4,6,0.0,0.0,28.5,Low,Generate Log,attack
2026-08-13 18:07:10,DoS_Hulk_src_29,DoS Hulk,0.64,8,0.0,0.0,39.1,Medium,Alert Admin,attack
2026-08-13 18:07:12,DoS_Hulk_src_1,DoS Hulk,0.7,8,0.32,0.0,39.72,Medium,Alert Admin,attack
2026-08-13 18:07:14,SSH_Patator_src_1,SSH-Patator,0.39,6,0.0,0.0,28.47,Low,Generate Log,attack
2026-08-13 18:07:34,DoS_Hulk_src_22,DoS Hulk,1.01,8,0.06,0.0,40.1,Medium,Alert Admin,attack
2026-08-13 18:07:42,DoS_Slowhttptest_src_0,DoS Slowhttptest,1.55,7,0.0,0.0,36.36,Medium,Alert Admin,attack
2026-08-13 18:07:44,DoS_Slowhttptest_src_4,DoS Slowhttptest,1.61,7,1.0,4.0,42.01,Medium,Alert Admin,attack
2026-08-13 18:07:50,DoS_slowloris_src_28,DoS slowloris,1.07,7,0.22,0.0,35.5,Medium,Alert Admin,attack
2026-08-13 18:07:56,DoS_GoldenEye_src_2,DoS GoldenEye,1.7,8,0.0,0.0,41.75,Medium,Alert Admin,attack
2026-08-13 18:08:02,DoS_Hulk_src_9,DoS Hulk,0.52,8,0.13,0.0,38.98,Medium,Alert Admin,attack
2026-08-13 18:08:06,DoS_GoldenEye_src_30,DoS GoldenEye,0.89,8,0.35,2.0,42.25,Medium,Alert Admin,attack
2026-08-13 18:08:08,DoS_slowloris_src_14,DoS slowloris,0.99,7,0.47,2.0,37.68,Medium,Alert Admin,attack
2026-08-13 18:08:22,DoS_Hulk_src_12,DoS Hulk,2.2,8,0.59,2.0,45.87,Medium,Alert Admin,attack
2026-08-13 18:08:24,DDoS_src_14,DDoS,2.98,9,0.0,0.0,52.44,Medium,Alert Admin,attack
2026-08-13 18:08:38,SSH_Patator_src_14,SSH-Patator,0.45,6,0.06,0.0,28.72,Low,Generate Log,attack
2026-08-13 18:08:40,DDoS_src_31,DDoS,2.98,9,0.44,2.0,55.12,Medium,Alert Admin,attack
2026-08-13 18:08:44,Web_Attack_�_Sql_Injection_src_0,Web Attack - Sql Injection,0.4,6,0.09,0.0,28.63,Low,Generate Log,attack
2026-08-13 18:08:46,DDoS_src_20,DDoS,2.17,9,0.4,2.0,53.04,Medium,Alert Admin,attack
2026-08-13 18:08:50,DoS_slowloris_src_30,DoS slowloris,1.4,7,0.0,0.0,35.99,Medium,Alert Admin,attack
2026-08-13 18:08:54,DoS_Hulk_src_32,DoS Hulk,1.42,8,0.89,4.0,46.37,Medium,Alert Admin,attack
2026-08-13 18:08:56,Bot_src_10,Bot,0.24,8,0.33,2.0,43.09,Medium,Alert Admin,attack
2026-08-13 18:09:04,DoS_Hulk_src_17,DoS Hulk,1.04,8,0.0,0.0,40.11,Medium,Alert Admin,attack
2026-08-13 18:09:06,DDoS_src_16,DDoS,1.85,9,0.36,0.0,50.17,Medium,Alert Admin,attack
2026-08-13 18:09:20,Infiltration_src_0,Infiltration,3.92,9,0.08,0.0,54.91,Medium,Alert Admin,attack
2026-08-13 18:09:24,DoS_slowloris_src_27,DoS slowloris,1.07,7,0.0,0.0,35.18,Medium,Alert Admin,attack
2026-08-13 18:09:30,DDoS_src_1,DDoS,0.7,9,0.0,0.0,46.76,Medium,Alert Admin,attack
2026-08-13 18:09:34,Heartbleed_src_0,Heartbleed,3.11,9,0.0,0.0,52.78,Medium,Alert Admin,attack
2026-08-13 18:09:38,DoS_Hulk_src_13,DoS Hulk,0.66,8,0.65,2.0,42.13,Medium,Alert Admin,attack
2026-08-13 18:09:44,DoS_Hulk_src_4,DoS Hulk,0.71,8,0.0,0.0,39.27,Medium,Alert Admin,attack
2026-08-13 18:09:46,DoS_Hulk_src_32,DoS Hulk,0.38,8,1.67,6.0,46.97,Medium,Alert Admin,attack
2026-08-13 18:09:54,Bot_src_21,Bot,0.23,8,0.0,0.0,40.59,Medium,Alert Admin,attack
2026-08-13 18:10:10,DDoS_src_28,DDoS,0.91,9,0.0,0.0,47.27,Medium,Alert Admin,attack
2026-08-13 18:10:20,DoS_Hulk_src_30,DoS Hulk,0.42,8,0.18,0.0,38.81,Medium,Alert Admin,attack
2026-08-13 18:10:22,DDoS_src_10,DDoS,0.64,9,0.0,0.0,46.61,Medium,Alert Admin,attack
2026-08-13 18:10:24,DoS_Hulk_src_26,DoS Hulk,0.53,8,0.0,0.0,38.84,Medium,Alert Admin,attack
2026-08-13 18:10:28,DoS_Hulk_src_8,DoS Hulk,0.73,8,0.53,2.0,42.13,Medium,Alert Admin,attack
2026-08-13 18:10:38,DDoS_src_9,DDoS,0.73,9,0.06,0.0,46.93,Medium,Alert Admin,attack
2026-08-13 18:10:48,DoS_slowloris_src_12,DoS slowloris,0.34,7,0.38,0.0,33.93,Low,Generate Log,attack
2026-08-13 18:10:52,DoS_Hulk_src_14,DoS Hulk,0.76,8,0.33,2.0,41.9,Medium,Alert Admin,attack
2026-08-13 18:10:56,DoS_Hulk_src_3,DoS Hulk,0.41,8,0.0,0.0,38.51,Medium,Alert Admin,attack
2026-08-13 18:11:02,DoS_slowloris_src_16,DoS slowloris,3.07,7,0.13,0.0,40.37,Medium,Alert Admin,attack
2026-08-13 18:11:12,DoS_slowloris_src_27,DoS slowloris,1.07,7,0.78,2.0,38.35,Medium,Alert Admin,attack
2026-08-13 18:11:38,Bot_src_10,Bot,0.24,8,0.92,2.0,43.96,Medium,Alert Admin,attack
2026-08-13 18:11:40,DDoS_src_28,DDoS,1.15,9,0.81,2.0,51.09,Medium,Alert Admin,attack
2026-08-13 18:11:44,DoS_slowloris_src_23,DoS slowloris,0.37,7,0.0,0.0,33.43,Low,Generate Log,attack
2026-08-13 18:11:46,PortScan_src_18,PortScan,0.74,4,0.12,0.0,19.53,Low,Generate Log,attack
2026-08-13 18:12:06,DoS_slowloris_src_25,DoS slowloris,1.18,7,0.05,0.0,35.52,Medium,Alert Admin,attack
2026-08-13 18:12:14,DDoS_src_25,DDoS,0.39,9,0.0,0.0,45.98,Medium,Alert Admin,attack
2026-08-13 18:12:24,DoS_slowloris_src_29,DoS slowloris,0.4,7,0.2,0.0,33.79,Low,Generate Log,attack
2026-08-13 18:12:36,Bot_src_1,Bot,0.38,8,0.09,0.0,41.08,Medium,Alert Admin,attack
2026-08-13 18:12:40,DoS_slowloris_src_25,DoS slowloris,0.41,7,0.97,2.0,36.98,Medium,Alert Admin,attack
2026-08-13 18:12:42,DoS_Slowhttptest_src_7,DoS Slowhttptest,1.59,7,0.21,0.0,36.79,Medium,Alert Admin,attack
2026-08-13 18:12:46,DoS_Hulk_src_17,DoS Hulk,0.51,8,0.6,2.0,41.69,Medium,Alert Admin,attack
2026-08-13 18:13:00,Heartbleed_src_0,Heartbleed,2.97,9,0.62,2.0,55.35,Medium,Alert Admin,attack
2026-08-13 18:13:02,DoS_Hulk_src_4,DoS Hulk,0.44,8,0.63,2.0,41.55,Medium,Alert Admin,attack
2026-08-13 18:13:04,DoS_slowloris_src_31,DoS slowloris,1.13,7,0.0,0.0,35.32,Medium,Alert Admin,attack
2026-08-13 18:13:08,DDoS_src_17,DDoS,0.7,9,0.03,0.0,46.78,Medium,Alert Admin,attack
2026-08-13 18:13:20,DoS_slowloris_src_14,DoS slowloris,0.99,7,0.72,2.0,38.05,Medium,Alert Admin,attack
2026-08-13 18:13:24,Bot_src_12,Bot,0.25,8,0.09,0.0,40.75,Medium,Alert Admin,attack
2026-08-13 18:13:26,DoS_Slowhttptest_src_6,DoS Slowhttptest,1.6,7,0.32,0.0,36.99,Medium,Alert Admin,attack
2026-08-13 18:13:28,DDoS_src_31,DDoS,1.17,9,0.74,2.0,51.04,Medium,Alert Admin,attack
2026-08-13 18:13:30,DDoS_src_27,DDoS,0.86,9,0.09,0.0,47.28,Medium,Alert Admin,attack
2026-08-13 18:13:32,DoS_slowloris_src_17,DoS slowloris,3.07,7,0.05,0.0,40.26,Medium,Alert Admin,attack
2026-08-13 18:13:54,Infiltration_src_2,Infiltration,0.29,9,0.0,0.0,45.72,Medium,Alert Admin,attack
2026-08-13 18:13:56,DDoS_src_0,DDoS,4.12,9,0.6,2.0,58.2,Medium,Alert Admin,attack
2026-08-13 18:13:58,DoS_Hulk_src_33,DoS Hulk,0.38,8,0.36,2.0,40.98,Medium,Alert Admin,attack
2026-08-13 18:14:00,Bot_src_19,Bot,2.4,8,0.04,0.0,46.06,Medium,Alert Admin,attack
2026-08-13 18:14:04,DDoS_src_7,DDoS,0.72,9,0.36,2.0,49.34,Medium,Alert Admin,attack
2026-08-13 18:14:18,DoS_slowloris_src_17,DoS slowloris,3.07,7,0.94,2.0,43.6,Medium,Alert Admin,attack
2026-08-13 18:14:20,DoS_Hulk_src_3,DoS Hulk,0.7,8,0.62,2.0,42.19,Medium,Alert Admin,attack
2026-08-13 18:14:30,Bot_src_0,Bot,0.37,8,0.05,0.0,41.0,Medium,Alert Admin,attack
2026-08-13 18:14:32,DoS_Hulk_src_5,DoS Hulk,0.47,8,0.15,0.0,38.9,Medium,Alert Admin,attack
2026-08-13 18:14:40,DoS_Slowhttptest_src_14,DoS Slowhttptest,1.15,7,0.15,0.0,35.6,Medium,Alert Admin,attack
2026-08-13 18:14:50,DoS_slowloris_src_15,DoS slowloris,0.99,7,0.22,0.0,35.3,Medium,Alert Admin,attack
2026-08-13 18:14:58,DoS_Slowhttptest_src_15,DoS Slowhttptest,0.78,7,0.06,0.0,34.53,Low,Generate Log,attack
2026-08-13 18:15:00,DoS_Hulk_src_9,DoS Hulk,0.76,8,0.43,2.0,42.06,Medium,Alert Admin,attack
2026-08-13 18:15:02,Infiltration_src_0,Infiltration,4.44,9,0.49,2.0,58.82,Medium,Alert Admin,attack
2026-08-13 18:15:04,SSH_Patator_src_10,SSH-Patator,0.39,6,0.0,0.0,28.48,Low,Generate Log,attack
2026-08-13 18:15:10,PortScan_src_24,PortScan,0.75,4,0.0,0.0,19.37,Low,Generate Log,attack
2026-08-13 18:15:24,DoS_GoldenEye_src_3,DoS GoldenEye,1.1,8,0.27,0.0,40.64,Medium,Alert Admin,attack
2026-08-13 18:15:26,DDoS_src_0,DDoS,5.9,9,1.3,2.0,63.71,High,Blacklist IP,attack
2026-08-13 18:15:38,DoS_Hulk_src_30,DoS Hulk,1.02,8,0.57,2.0,42.89,Medium,Alert Admin,attack
2026-08-13 18:15:42,DoS_Hulk_src_24,DoS Hulk,0.71,8,0.21,0.0,39.59,Medium,Alert Admin,attack
2026-08-13 18:16:14,DoS_Hulk_src_7,DoS Hulk,0.43,8,0.12,0.0,38.75,Medium,Alert Admin,attack
2026-08-13 18:16:20,FTP_Patator_src_0,FTP-Patator,0.39,6,0.18,0.0,28.74,Low,Generate Log,attack
2026-08-13 18:16:22,DoS_Slowhttptest_src_8,DoS Slowhttptest,1.58,7,0.0,0.0,36.46,Medium,Alert Admin,attack
2026-08-13 18:16:24,DoS_slowloris_src_23,DoS slowloris,0.37,7,0.52,2.0,36.22,Medium,Alert Admin,attack
2026-08-13 18:16:36,DoS_slowloris_src_33,DoS slowloris,1.11,7,0.0,0.0,35.28,Medium,Alert Admin,attack
2026-08-13 18:16:40,DoS_Hulk_src_19,DoS Hulk,2.19,8,0.02,0.0,43.01,Medium,Alert Admin,attack
2026-08-13 18:16:48,DDoS_src_13,DDoS,0.59,9,0.0,0.0,46.48,Medium,Alert Admin,attack
2026-08-13 18:16:52,PortScan_src_32,PortScan,0.57,4,0.0,0.0,18.93,Low,Generate Log,attack
2026-08-13 18:16:54,DoS_GoldenEye_src_11,DoS GoldenEye,2.19,8,0.0,0.0,42.97,Medium,Alert Admin,attack
2026-08-13 18:17:10,DoS_slowloris_src_28,DoS slowloris,1.43,7,0.33,2.0,38.58,Medium,Alert Admin,attack
2026-08-13 18:17:26,Bot_src_1,Bot,0.38,8,0.56,2.0,43.78,Medium,Alert Admin,attack
2026-08-13 18:17:28,DoS_Slowhttptest_src_0,DoS Slowhttptest,1.55,7,0.26,2.0,38.75,Medium,Alert Admin,attack
2026-08-13 18:17:34,Bot_src_10,Bot,0.24,8,0.84,4.0,45.86,Medium,Alert Admin,attack
2026-08-13 18:17:36,Bot_src_15,Bot,0.23,8,0.01,0.0,40.6,Medium,Alert Admin,attack
2026-08-13 18:17:40,DoS_slowloris_src_31,DoS slowloris,1.13,7,0.53,2.0,38.11,Medium,Alert Admin,attack
2026-08-13 18:17:42,DoS_Slowhttptest_src_9,DoS Slowhttptest,1.59,7,0.03,0.0,36.51,Medium,Alert Admin,attack
2026-08-13 18:17:46,DoS_Hulk_src_21,DoS Hulk,0.47,8,0.16,0.0,38.92,Medium,Alert Admin,attack
2026-08-13 18:17:56,DoS_slowloris_src_18,DoS slowloris,3.07,7,0.13,0.0,40.38,Medium,Alert Admin,attack
2026-08-13 18:18:00,DoS_Hulk_src_7,DoS Hulk,0.69,8,0.87,2.0,42.54,Medium,Alert Admin,attack
2026-08-13 18:18:14,DoS_Hulk_src_22,DoS Hulk,0.77,8,0.24,0.0,39.8,Medium,Alert Admin,attack
2026-08-13 18:18:18,SSH_Patator_src_2,SSH-Patator,0.39,6,0.0,0.0,28.46,Low,Generate Log,attack
2026-08-13 18:18:20,Bot_src_33,Bot,3.98,8,0.0,0.0,49.96,Medium,Alert Admin,attack
2026-08-13 18:18:26,DoS_GoldenEye_src_0,DoS GoldenEye,1.74,8,0.03,0.0,41.9,Medium,Alert Admin,attack
2026-08-13 18:18:28,DoS_Hulk_src_20,DoS Hulk,0.38,8,0.2,0.0,38.76,Medium,Alert Admin,attack
2026-08-13 18:18:30,DoS_Hulk_src_29,DoS Hulk,0.7,8,0.21,0.0,39.55,Medium,Alert Admin,attack
2026-08-13 18:18:36,SSH_Patator_src_14,SSH-Patator,0.43,6,0.27,2.0,30.98,Low,Generate Log,attack
2026-08-13 18:18:48,DoS_Slowhttptest_src_5,DoS Slowhttptest,1.61,7,0.29,0.0,36.94,Medium,Alert Admin,attack
2026-08-13 18:18:52,DoS_slowloris_src_30,DoS slowloris,1.05,7,0.25,0.0,35.5,Medium,Alert Admin,attack
2026-08-13 18:19:02,Bot_src_19,Bot,0.44,8,0.52,2.0,43.88,Medium,Alert Admin,attack
2026-08-13 18:19:06,Bot_src_3,Bot,0.23,8,0.0,0.0,40.57,Medium,Alert Admin,attack
2026-08-13 18:19:14,DoS_Hulk_src_11,DoS Hulk,0.79,8,0.02,0.0,39.51,Medium,Alert Admin,attack
2026-08-13 18:19:28,DDoS_src_28,DDoS,1.03,9,0.61,4.0,52.49,Medium,Alert Admin,attack
2026-08-13 18:19:40,Bot_src_11,Bot,0.23,8,0.07,0.0,40.68,Medium,Alert Admin,attack
2026-08-13 18:19:42,DoS_Hulk_src_9,DoS Hulk,0.77,8,0.75,2.0,42.53,Medium,Alert Admin,attack
2026-08-13 18:19:58,DoS_slowloris_src_27,DoS slowloris,0.43,7,0.53,2.0,36.36,Medium,Alert Admin,attack
2026-08-13 18:20:16,DoS_Hulk_src_4,DoS Hulk,1.88,8,0.6,2.0,45.11,Medium,Alert Admin,attack
2026-08-13 18:20:18,DDoS_src_16,DDoS,1.81,9,0.29,0.0,49.96,Medium,Alert Admin,attack
2026-08-13 18:20:32,DDoS_src_5,DDoS,0.39,9,0.05,0.0,46.05,Medium,Alert Admin,attack
2026-08-13 18:20:34,DoS_Hulk_src_22,DoS Hulk,0.77,8,0.9,2.0,42.78,Medium,Alert Admin,attack
2026-08-13 18:20:36,DoS_Hulk_src_20,DoS Hulk,0.7,8,0.89,2.0,42.58,Medium,Alert Admin,attack
2026-08-13 18:20:40,Bot_src_21,Bot,0.24,8,0.22,0.0,40.93,Medium,Alert Admin,attack
2026-08-13 18:20:42,DDoS_src_14,DDoS,0.63,9,0.18,0.0,46.85,Medium,Alert Admin,attack
2026-08-13 18:20:54,DoS_Slowhttptest_src_9,DoS Slowhttptest,1.59,7,0.66,2.0,39.45,Medium,Alert Admin,attack
2026-08-13 18:21:04,DDoS_src_22,DDoS,0.66,9,0.04,0.0,46.71,Medium,Alert Admin,attack
2026-08-13 18:21:06,Bot_src_29,Bot,0.25,8,0.0,0.0,40.62,Medium,Alert Admin,attack
2026-08-13 18:21:10,DoS_Slowhttptest_src_27,DoS Slowhttptest,1.1,7,0.05,0.0,35.33,Medium,Alert Admin,attack
2026-08-13 18:21:12,PortScan_src_20,PortScan,0.74,4,0.0,0.0,19.36,Low,Generate Log,attack
2026-08-13 18:21:16,DoS_Slowhttptest_src_15,DoS Slowhttptest,1.09,7,0.44,2.0,37.89,Medium,Alert Admin,attack
2026-08-13 18:21:36,SSH_Patator_src_12,SSH-Patator,0.4,6,0.13,0.0,28.71,Low,Generate Log,attack
2026-08-13 18:21:48,DoS_Hulk_src_17,DoS Hulk,0.46,8,0.46,2.0,41.32,Medium,Alert Admin,attack
2026-08-13 18:21:56,SSH_Patator_src_25,SSH-Patator,0.39,6,0.09,0.0,28.6,Low,Generate Log,attack
2026-08-13 18:22:10,DoS_slowloris_src_24,DoS slowloris,0.41,7,0.12,0.0,33.7,Low,Generate Log,attack
2026-08-13 18:22:14,PortScan_src_33,PortScan,0.58,4,0.0,0.0,18.94,Low,Generate Log,attack
2026-08-13 18:22:16,DoS_Hulk_src_25,DoS Hulk,0.72,8,0.04,0.0,39.35,Medium,Alert Admin,attack
2026-08-13 18:22:18,DoS_Slowhttptest_src_27,DoS Slowhttptest,1.1,7,0.9,2.0,38.6,Medium,Alert Admin,attack
2026-08-13 18:22:22,DoS_GoldenEye_src_0,DoS GoldenEye,1.16,8,0.6,2.0,43.29,Medium,Alert Admin,attack
2026-08-13 18:22:30,Bot_src_27,Bot,0.39,8,0.03,0.0,41.01,Medium,Alert Admin,attack
2026-08-13 18:22:38,DoS_slowloris_src_19,DoS slowloris,1.11,7,0.0,0.0,35.27,Medium,Alert Admin,attack
2026-08-13 18:22:46,DoS_Slowhttptest_src_2,DoS Slowhttptest,1.61,7,0.0,0.0,36.52,Medium,Alert Admin,attack
2026-08-13 18:22:50,DoS_Hulk_src_0,DoS Hulk,0.79,8,0.01,0.0,39.5,Medium,Alert Admin,attack
2026-08-13 18:22:52,DoS_Slowhttptest_src_0,DoS Slowhttptest,1.55,7,0.6,2.0,39.26,Medium,Alert Admin,attack
2026-08-13 18:23:00,DoS_Slowhttptest_src_2,DoS Slowhttptest,1.61,7,0.97,2.0,39.98,Medium,Alert Admin,attack
2026-08-13 18:23:06,Bot_src_17,Bot,0.24,8,0.0,0.0,40.61,Medium,Alert Admin,attack
2026-08-13 18:23:18,PortScan_src_19,PortScan,0.72,4,0.03,0.0,19.36,Low,Generate Log,attack
2026-08-13 18:23:38,DoS_slowloris_src_24,DoS slowloris,0.38,7,0.92,2.0,36.82,Medium,Alert Admin,attack
2026-08-13 18:23:54,DoS_Hulk_src_5,DoS Hulk,0.69,8,0.31,2.0,41.69,Medium,Alert Admin,attack
2026-08-13 18:23:56,Bot_src_30,Bot,0.23,8,0.05,0.0,40.66,Medium,Alert Admin,attack
2026-08-13 18:24:06,SSH_Patator_src_12,SSH-Patator,0.4,6,0.8,2.0,31.71,Low,Generate Log,attack
2026-08-13 18:24:08,DoS_Hulk_src_25,DoS Hulk,0.72,8,0.8,2.0,42.51,Medium,Alert Admin,attack
2026-08-13 18:24:10,DoS_slowloris_src_11,DoS slowloris,0.33,7,0.0,0.0,33.33,Low,Generate Log,attack
2026-08-13 18:24:16,DoS_GoldenEye_src_28,DoS GoldenEye,1.66,8,0.0,0.0,41.66,Medium,Alert Admin,attack
2026-08-13 18:24:24,DoS_slowloris_src_17,DoS slowloris,3.07,7,0.48,0.0,40.9,Medium,Alert Admin,attack
2026-08-13 18:24:26,SSH_Patator_src_26,SSH-Patator,0.4,6,0.0,0.0,28.49,Low,Generate Log,attack
2026-08-13 18:24:30,DoS_Hulk_src_28,DoS Hulk,0.73,8,0.0,0.0,39.31,Medium,Alert Admin,attack
2026-08-13 18:24:32,DoS_GoldenEye_src_27,DoS GoldenEye,1.06,8,0.04,0.0,40.19,Medium,Alert Admin,attack
2026-08-13 18:24:38,Bot_src_14,Bot,0.22,8,0.06,0.0,40.64,Medium,Alert Admin,attack
2026-08-13 18:24:44,SSH_Patator_src_23,SSH-Patator,0.39,6,0.0,0.0,28.49,Low,Generate Log,attack
2026-08-13 18:24:48,DoS_slowloris_src_27,DoS slowloris,0.4,7,0.78,2.0,36.67,Medium,Alert Admin,attack
2026-08-13 18:24:54,DoS_Hulk_src_28,DoS Hulk,1.45,8,0.95,2.0,44.55,Medium,Alert Admin,attack
2026-08-13 18:24:56,SSH_Patator_src_23,SSH-Patator,0.39,6,0.97,2.0,31.94,Low,Generate Log,attack
2026-08-13 18:25:18,DoS_Hulk_src_20,DoS Hulk,0.45,8,0.99,4.0,44.12,Medium,Alert Admin,attack
2026-08-13 18:25:24,DoS_Hulk_src_14,DoS Hulk,0.51,8,0.18,0.0,39.05,Medium,Alert Admin,attack
2026-08-13 18:25:30,DoS_Slowhttptest_src_4,DoS Slowhttptest,1.61,7,0.17,0.0,36.77,Medium,Alert Admin,attack
2026-08-13 18:25:46,DoS_Slowhttptest_src_9,DoS Slowhttptest,1.59,7,0.85,4.0,41.73,Medium,Alert Admin,attack
2026-08-13 18:25:52,DoS_GoldenEye_src_11,DoS GoldenEye,1.03,8,0.29,2.0,42.51,Medium,Alert Admin,attack
2026-08-13 18:25:54,DoS_Slowhttptest_src_3,DoS Slowhttptest,1.61,7,0.02,0.0,36.55,Medium,Alert Admin,attack
2026-08-13 18:25:58,DoS_slowloris_src_17,DoS slowloris,3.07,7,1.19,2.0,43.97,Medium,Alert Admin,attack
2026-08-13 18:26:08,DoS_Hulk_src_28,DoS Hulk,0.73,8,1.64,4.0,45.77,Medium,Alert Admin,attack
2026-08-13 18:26:12,DoS_Hulk_src_19,DoS Hulk,0.76,8,0.27,2.0,41.8,Medium,Alert Admin,attack
2026-08-13 18:26:14,SSH_Patator_src_26,SSH-Patator,0.39,6,0.78,2.0,31.65,Low,Generate Log,attack
2026-08-13 18:26:16,SSH_Patator_src_1,SSH-Patator,0.39,6,0.07,0.0,28.58,Low,Generate Log,attack
2026-08-13 18:26:20,DDoS_src_17,DDoS,2.95,9,0.16,0.0,52.61,Medium,Alert Admin,attack
2026-08-13 18:26:24,DDoS_src_15,DDoS,0.39,9,0.02,0.0,46.0,Medium,Alert Admin,attack
2026-08-13 18:26:34,DoS_Hulk_src_27,DoS Hulk,0.69,8,0.0,0.0,39.23,Medium,Alert Admin,attack
2026-08-13 18:26:38,SSH_Patator_src_31,SSH-Patator,0.39,6,0.05,0.0,28.54,Low,Generate Log,attack
2026-08-13 18:26:40,DoS_slowloris_src_14,DoS slowloris,0.99,7,0.27,0.0,35.38,Medium,Alert Admin,attack
2026-08-13 18:26:42,DoS_slowloris_src_29,DoS slowloris,0.22,7,0.16,0.0,33.31,Low,Generate Log,attack
2026-08-13 18:26:48,DoS_Slowhttptest_src_27,DoS Slowhttptest,1.08,7,1.02,4.0,40.72,Medium,Alert Admin,attack
2026-08-13 18:26:52,DoS_GoldenEye_src_3,DoS GoldenEye,1.09,8,0.26,0.0,40.61,Medium,Alert Admin,attack
2026-08-13 18:26:54,DoS_GoldenEye_src_0,DoS GoldenEye,0.79,8,0.85,4.0,44.76,Medium,Alert Admin,attack
2026-08-13 18:27:02,DoS_Hulk_src_12,DoS Hulk,1.49,8,0.12,0.0,41.4,Medium,Alert Admin,attack
2026-08-13 18:27:14,DoS_Hulk_src_14,DoS Hulk,0.46,8,0.91,2.0,42.03,Medium,Alert Admin,attack
2026-08-13 18:28:06,DoS_Slowhttptest_src_5,DoS Slowhttptest,1.61,7,0.35,2.0,39.05,Medium,Alert Admin,attack
2026-08-13 18:28:08,PortScan_src_29,PortScan,0.65,4,0.0,0.0,19.12,Low,Generate Log,attack
2026-08-13 18:28:16,DoS_Hulk_src_20,DoS Hulk,0.92,8,1.32,6.0,47.79,Medium,Alert Admin,attack
2026-08-13 18:28:20,DoS_Slowhttptest_src_6,DoS Slowhttptest,1.6,7,0.17,0.0,36.76,Medium,Alert Admin,attack
2026-08-13 18:28:26,DoS_Hulk_src_31,DoS Hulk,0.54,8,0.04,0.0,38.92,Medium,Alert Admin,attack
2026-08-13 18:28:30,DoS_slowloris_src_13,DoS slowloris,0.99,7,0.04,0.0,35.03,Medium,Alert Admin,attack
2026-08-13 18:28:32,DoS_Hulk_src_15,DoS Hulk,1.17,8,0.0,0.0,40.43,Medium,Alert Admin,attack
2026-08-13 18:28:40,DoS_Hulk_src_31,DoS Hulk,0.68,8,1.01,2.0,42.73,Medium,Alert Admin,attack
2026-08-13 18:28:52,DoS_Hulk_src_30,DoS Hulk,0.46,8,0.25,0.0,39.03,Medium,Alert Admin,attack
2026-08-13 18:29:04,DoS_Hulk_src_15,DoS Hulk,0.7,8,0.93,2.0,42.64,Medium,Alert Admin,attack
2026-08-13 18:29:06,DoS_slowloris_src_30,DoS slowloris,1.4,7,0.3,0.0,36.45,Medium,Alert Admin,attack
2026-08-13 18:29:14,Bot_src_29,Bot,0.24,8,0.32,2.0,43.08,Medium,Alert Admin,attack
2026-08-13 18:29:22,DoS_Hulk_src_25,DoS Hulk,0.48,8,0.87,4.0,44.0,Medium,Alert Admin,attack
2026-08-13 18:29:24,DoS_slowloris_src_18,DoS slowloris,3.07,7,0.23,0.0,40.53,Medium,Alert Admin,attack
2026-08-13 18:29:26,DoS_GoldenEye_src_25,DoS GoldenEye,1.69,8,0.01,0.0,41.75,Medium,Alert Admin,attack
2026-08-13 18:29:32,DoS_Hulk_src_20,DoS Hulk,0.7,8,1.94,6.0,48.16,Medium,Alert Admin,attack
2026-08-13 18:29:36,DoS_Hulk_src_4,DoS Hulk,1.64,8,0.44,2.0,44.26,Medium,Alert Admin,attack
2026-08-13 18:29:52,DDoS_src_29,DDoS,1.82,9,0.0,0.0,49.55,Medium,Alert Admin,attack
2026-08-13 18:30:14,Bot_src_11,Bot,0.23,8,0.25,0.0,40.94,Medium,Alert Admin,attack
2026-08-13 18:30:22,DoS_GoldenEye_src_23,DoS GoldenEye,1.56,8,0.05,0.0,41.46,Medium,Alert Admin,attack
2026-08-13 18:30:28,DoS_Hulk_src_4,DoS Hulk,0.44,8,1.28,2.0,42.51,Medium,Alert Admin,attack
2026-08-13 18:30:30,DoS_slowloris_src_15,DoS slowloris,0.99,7,0.14,0.0,35.18,Medium,Alert Admin,attack
2026-08-13 18:30:36,Web_Attack_�_Sql_Injection_src_0,Web Attack - Sql Injection,0.4,6,0.05,0.0,28.57,Low,Generate Log,attack
2026-08-13 18:30:40,DoS_slowloris_src_25,DoS slowloris,0.41,7,0.16,0.0,33.77,Low,Generate Log,attack
2026-08-13 18:30:42,DoS_Hulk_src_5,DoS Hulk,0.47,8,0.51,2.0,41.44,Medium,Alert Admin,attack
2026-08-13 18:30:44,DoS_Hulk_src_20,DoS Hulk,0.62,8,2.49,6.0,48.8,Medium,Alert Admin,attack
2026-08-13 18:31:06,DoS_slowloris_src_27,DoS slowloris,0.43,7,0.74,2.0,36.68,Medium,Alert Admin,attack
2026-08-13 18:31:16,DoS_slowloris_src_14,DoS slowloris,0.99,7,0.67,2.0,37.98,Medium,Alert Admin,attack
2026-08-13 18:31:18,DoS_slowloris_src_28,DoS slowloris,1.43,7,0.19,0.0,36.36,Medium,Alert Admin,attack
2026-08-13 18:31:20,DoS_Hulk_src_11,DoS Hulk,0.54,8,0.19,0.0,39.14,Medium,Alert Admin,attack
2026-08-13 18:31:24,DoS_Slowhttptest_src_14,DoS Slowhttptest,1.36,7,0.11,0.0,36.08,Medium,Alert Admin,attack
2026-08-13 18:31:32,DoS_GoldenEye_src_19,DoS GoldenEye,2.09,8,0.0,0.0,42.71,Medium,Alert Admin,attack
2026-08-13 18:31:36,DoS_GoldenEye_src_31,DoS GoldenEye,1.06,8,0.0,0.0,40.14,Medium,Alert Admin,attack
2026-08-13 18:31:40,DoS_slowloris_src_30,DoS slowloris,1.4,7,0.91,2.0,39.36,Medium,Alert Admin,attack
2026-08-13 18:31:52,DDoS_src_30,DDoS,0.8,9,0.0,0.0,47.0,Medium,Alert Admin,attack
2026-08-13 18:31:54,Infiltration_src_1,Infiltration,1.1,9,0.03,0.0,47.8,Medium,Alert Admin,attack
2026-08-13 18:31:58,DoS_Slowhttptest_src_7,DoS Slowhttptest,1.59,7,0.08,0.0,36.59,Medium,Alert Admin,attack
2026-08-13 18:32:10,DoS_Hulk_src_0,DoS Hulk,2.27,8,0.28,2.0,45.58,Medium,Alert Admin,attack
2026-08-13 18:32:12,SSH_Patator_src_19,SSH-Patator,0.39,6,0.03,0.0,28.52,Low,Generate Log,attack
2026-08-13 18:32:16,DDoS_src_6,DDoS,1.11,9,0.0,0.0,47.78,Medium,Alert Admin,attack
2026-08-13 18:32:18,DDoS_src_1,DDoS,0.6,9,0.04,0.0,46.57,Medium,Alert Admin,attack
2026-08-13 18:32:22,DoS_slowloris_src_14,DoS slowloris,0.99,7,1.43,4.0,41.13,Medium,Alert Admin,attack
2026-08-13 18:32:28,PortScan_src_19,PortScan,0.62,4,0.29,2.0,21.49,Low,Generate Log,attack
2026-08-13 18:32:32,SSH_Patator_src_26,SSH-Patator,0.39,6,0.74,4.0,33.6,Low,Generate Log,attack
2026-08-13 18:32:36,DoS_GoldenEye_src_27,DoS GoldenEye,0.87,8,0.34,2.0,42.19,Medium,Alert Admin,attack
2026-08-13 18:32:40,DoS_GoldenEye_src_22,DoS GoldenEye,0.86,8,0.0,0.0,39.65,Medium,Alert Admin,attack
2026-08-13 18:32:46,FTP_Patator_src_0,FTP-Patator,0.39,6,0.12,0.0,28.66,Low,Generate Log,attack
2026-08-13 18:32:50,DoS_slowloris_src_14,DoS slowloris,0.99,7,2.28,6.0,44.4,Medium,Alert Admin,attack
2026-08-13 18:32:54,Bot_src_4,Bot,0.24,8,0.01,0.0,40.62,Medium,Alert Admin,attack
2026-08-13 18:32:58,DoS_Slowhttptest_src_26,DoS Slowhttptest,1.55,7,0.0,0.0,36.38,Medium,Alert Admin,attack
2026-08-13 18:33:00,DoS_slowloris_src_15,DoS slowloris,0.99,7,0.81,2.0,38.18,Medium,Alert Admin,attack
2026-08-13 18:33:12,DDoS_src_23,DDoS,0.82,9,0.0,0.0,47.06,Medium,Alert Admin,attack
2026-08-13 18:33:28,DDoS_src_12,DDoS,1.13,9,0.0,0.0,47.82,Medium,Alert Admin,attack
2026-08-13 18:33:32,DoS_GoldenEye_src_26,DoS GoldenEye,2.15,8,0.0,0.0,42.87,Medium,Alert Admin,attack
2026-08-13 18:33:36,DoS_slowloris_src_13,DoS slowloris,0.99,7,0.51,2.0,37.74,Medium,Alert Admin,attack
2026-08-13 18:33:42,PortScan_src_17,PortScan,0.74,4,0.0,0.0,19.34,Low,Generate Log,attack
2026-08-13 18:33:44,DoS_Hulk_src_5,DoS Hulk,0.69,8,0.99,4.0,44.71,Medium,Alert Admin,attack
2026-08-13 18:33:54,DoS_GoldenEye_src_0,DoS GoldenEye,0.7,8,0.7,2.0,42.31,Medium,Alert Admin,attack
2026-08-13 18:34:10,Bot_src_2,Bot,0.23,8,0.0,0.0,40.57,Medium,Alert Admin,attack
2026-08-13 18:34:22,SSH_Patator_src_33,SSH-Patator,0.47,6,0.0,0.0,28.67,Low,Generate Log,attack
2026-08-13 18:34:28,DoS_slowloris_src_22,DoS slowloris,0.38,7,0.0,0.0,33.45,Low,Generate Log,attack
2026-08-13 18:34:32,DoS_Slowhttptest_src_0,DoS Slowhttptest,1.55,7,0.32,0.0,36.84,Medium,Alert Admin,attack
2026-08-13 18:34:36,DoS_Hulk_src_4,DoS Hulk,0.71,8,1.28,4.0,45.19,Medium,Alert Admin,attack
2026-08-13 18:34:38,DoS_Hulk_src_27,DoS Hulk,0.92,8,0.33,2.0,42.28,Medium,Alert Admin,attack
2026-08-13 18:34:46,DoS_slowloris_src_18,DoS slowloris,3.07,7,0.59,2.0,43.06,Medium,Alert Admin,attack
2026-08-13 18:34:50,DDoS_src_30,DDoS,0.62,9,0.66,2.0,49.55,Medium,Alert Admin,attack
2026-08-13 18:34:54,DoS_Hulk_src_13,DoS Hulk,0.89,8,0.05,0.0,39.8,Medium,Alert Admin,attack
2026-08-13 18:35:06,Bot_src_13,Bot,0.4,8,0.02,0.0,41.01,Medium,Alert Admin,attack
2026-08-13 18:35:12,DoS_Hulk_src_29,DoS Hulk,0.71,8,0.12,0.0,39.46,Medium,Alert Admin,attack
2026-08-13 18:35:24,DoS_Slowhttptest_src_0,DoS Slowhttptest,1.55,7,1.17,2.0,40.11,Medium,Alert Admin,attack
2026-08-13 18:35:38,Bot_src_6,Bot,0.25,8,0.01,0.0,40.63,Medium,Alert Admin,attack
2026-08-13 18:35:40,DoS_Hulk_src_3,DoS Hulk,0.72,8,0.08,0.0,39.42,Medium,Alert Admin,attack
2026-08-13 18:35:44,Bot_src_22,Bot,0.25,8,0.03,0.0,40.66,Medium,Alert Admin,attack
2026-08-13 18:35:48,DoS_Slowhttptest_src_7,DoS Slowhttptest,1.59,7,0.64,2.0,39.42,Medium,Alert Admin,attack
2026-08-13 18:35:52,DoS_Hulk_src_29,DoS Hulk,0.94,8,1.02,2.0,43.38,Medium,Alert Admin,attack
2026-08-13 18:36:04,DoS_Hulk_src_1,DoS Hulk,1.07,8,0.02,0.0,40.21,Medium,Alert Admin,attack
2026-08-13 18:36:06,DoS_Hulk_src_11,DoS Hulk,0.79,8,0.62,2.0,42.4,Medium,Alert Admin,attack
2026-08-13 18:36:10,DoS_GoldenEye_src_24,DoS GoldenEye,1.13,8,0.0,0.0,40.33,Medium,Alert Admin,attack
2026-08-13 18:36:12,DoS_slowloris_src_17,DoS slowloris,3.07,7,0.53,0.0,40.98,Medium,Alert Admin,attack
2026-08-13 18:36:22,DoS_Hulk_src_13,DoS Hulk,1.13,8,0.86,2.0,43.61,Medium,Alert Admin,attack
2026-08-13 18:36:24,SSH_Patator_src_10,SSH-Patator,0.39,6,0.05,0.0,28.56,Low,Generate Log,attack
2026-08-13 18:36:28,DoS_GoldenEye_src_2,DoS GoldenEye,1.75,8,0.02,0.0,41.89,Medium,Alert Admin,attack
2026-08-13 18:36:30,DoS_slowloris_src_15,DoS slowloris,0.99,7,1.11,4.0,40.64,Medium,Alert Admin,attack
2026-08-13 18:36:32,DoS_Hulk_src_2,DoS Hulk,0.43,8,0.01,0.0,38.6,Medium,Alert Admin,attack
2026-08-13 18:36:34,DoS_GoldenEye_src_22,DoS GoldenEye,1.67,8,0.58,2.0,44.56,Medium,Alert Admin,attack
2026-08-13 18:36:40,DoS_Hulk_src_22,DoS Hulk,1.0,8,0.2,0.0,40.31,Medium,Alert Admin,attack
2026-08-13 18:36:42,DoS_Slowhttptest_src_3,DoS Slowhttptest,1.61,7,0.23,0.0,36.86,Medium,Alert Admin,attack
2026-08-13 18:36:44,DDoS_src_3,DDoS,0.69,9,0.0,0.0,46.74,Medium,Alert Admin,attack
2026-08-13 18:36:46,DoS_slowloris_src_16,DoS slowloris,3.07,7,0.03,0.0,40.22,Medium,Alert Admin,attack
2026-08-13 18:36:58,Bot_src_5,Bot,0.23,8,0.0,0.0,40.59,Medium,Alert Admin,attack
2026-08-13 18:37:00,DoS_slowloris_src_18,DoS slowloris,3.07,7,1.16,4.0,45.92,Medium,Alert Admin,attack
2026-08-13 18:37:02,DoS_Hulk_src_17,DoS Hulk,0.66,8,0.18,0.0,39.42,Medium,Alert Admin,attack
2026-08-13 18:37:10,DoS_Slowhttptest_src_1,DoS Slowhttptest,1.58,7,0.01,0.0,36.48,Medium,Alert Admin,attack
2026-08-13 18:37:14,DDoS_src_26,DDoS,2.1,9,0.02,0.0,50.28,Medium,Alert Admin,attack
2026-08-13 18:37:22,DDoS_src_27,DDoS,0.15,9,0.04,0.0,45.42,Medium,Alert Admin,attack
2026-08-13 18:37:28,DoS_Slowhttptest_src_28,DoS Slowhttptest,1.08,7,0.0,0.0,35.19,Medium,Alert Admin,attack
2026-08-13 18:37:56,DoS_Hulk_src_30,DoS Hulk,0.46,8,0.36,2.0,41.19,Medium,Alert Admin,attack
2026-08-13 18:38:00,DoS_Hulk_src_31,DoS Hulk,0.68,8,0.55,4.0,44.04,Medium,Alert Admin,attack
2026-08-13 18:38:04,DoS_Slowhttptest_src_6,DoS Slowhttptest,1.6,7,0.3,2.0,38.96,Medium,Alert Admin,attack
2026-08-13 18:38:06,SSH_Patator_src_24,SSH-Patator,0.39,6,0.01,0.0,28.49,Low,Generate Log,attack
2026-08-13 18:38:08,DoS_slowloris_src_32,DoS slowloris,1.27,7,0.01,0.0,35.68,Medium,Alert Admin,attack
2026-08-13 18:38:10,Bot_src_24,Bot,0.24,8,0.0,0.0,40.6,Medium,Alert Admin,attack
2026-08-13 18:38:14,DoS_Hulk_src_28,DoS Hulk,0.73,8,0.49,0.0,40.05,Medium,Alert Admin,attack
2026-08-13 18:38:20,DDoS_src_29,DDoS,1.86,9,0.31,2.0,52.12,Medium,Alert Admin,attack
2026-08-13 18:38:26,SSH_Patator_src_6,SSH-Patator,0.39,6,0.0,0.0,28.48,Low,Generate Log,attack
2026-08-13 18:38:28,DoS_GoldenEye_src_25,DoS GoldenEye,1.07,8,0.29,2.0,42.62,Medium,Alert Admin,attack
2026-08-13 18:38:34,Bot_src_29,Bot,0.25,8,0.36,2.0,43.16,Medium,Alert Admin,attack
2026-08-13 18:38:42,DoS_Hulk_src_33,DoS Hulk,1.84,8,0.04,0.0,42.16,Medium,Alert Admin,attack
2026-08-13 18:38:46,DoS_Slowhttptest_src_14,DoS Slowhttptest,1.15,7,0.4,2.0,37.97,Medium,Alert Admin,attack
2026-08-13 18:38:52,DoS_Hulk_src_2,DoS Hulk,1.42,8,0.73,2.0,44.15,Medium,Alert Admin,attack
2026-08-13 18:38:54,SSH_Patator_src_25,SSH-Patator,0.39,6,0.1,0.0,28.63,Low,Generate Log,attack
2026-08-13 18:38:58,DoS_Slowhttptest_src_9,DoS Slowhttptest,1.59,7,0.3,0.0,36.91,Medium,Alert Admin,attack
2026-08-13 18:39:02,DDoS_src_16,DDoS,0.98,9,0.1,0.0,47.6,Medium,Alert Admin,attack
2026-08-13 18:39:06,DoS_Slowhttptest_src_15,DoS Slowhttptest,1.09,7,0.12,0.0,35.41,Medium,Alert Admin,attack
2026-08-13 18:39:08,DoS_slowloris_src_32,DoS slowloris,1.27,7,0.88,2.0,38.98,Medium,Alert Admin,attack
2026-08-13 18:39:12,Bot_src_24,Bot,0.24,8,0.87,2.0,43.9,Medium,Alert Admin,attack
2026-08-13 18:39:30,SSH_Patator_src_3,SSH-Patator,0.39,6,0.0,0.0,28.48,Low,Generate Log,attack
2026-08-13 18:39:38,DoS_Slowhttptest_src_7,DoS Slowhttptest,1.59,7,0.96,4.0,41.91,Medium,Alert Admin,attack
2026-08-13 18:39:40,DoS_Hulk_src_17,DoS Hulk,0.52,8,0.82,2.0,42.02,Medium,Alert Admin,attack
2026-08-13 18:39:48,Bot_src_29,Bot,0.25,8,1.15,2.0,44.34,Medium,Alert Admin,attack
2026-08-13 18:39:50,DoS_Slowhttptest_src_28,DoS Slowhttptest,0.77,7,0.72,2.0,37.5,Medium,Alert Admin,attack
2026-08-13 18:39:52,DoS_slowloris_src_18,DoS slowloris,3.07,7,1.45,4.0,46.36,Medium,Alert Admin,attack
2026-08-13 18:39:54,DoS_Slowhttptest_src_9,DoS Slowhttptest,1.59,7,1.14,2.0,40.17,Medium,Alert Admin,attack
2026-08-13 18:40:24,Bot_src_23,Bot,0.25,8,0.0,0.0,40.63,Medium,Alert Admin,attack
2026-08-13 18:40:32,SSH_Patator_src_17,SSH-Patator,0.02,6,0.0,0.0,27.56,Low,Generate Log,attack
2026-08-13 18:40:46,DDoS_src_10,DDoS,2.49,9,0.01,0.0,51.25,Medium,Alert Admin,attack
2026-08-13 18:40:52,DoS_slowloris_src_27,DoS slowloris,0.4,7,0.45,2.0,36.18,Medium,Alert Admin,attack
2026-08-13 18:41:10,DoS_Slowhttptest_src_27,DoS Slowhttptest,1.1,7,0.28,0.0,35.67,Medium,Alert Admin,attack
2026-08-13 18:41:12,DoS_GoldenEye_src_12,DoS GoldenEye,0.87,8,0.01,0.0,39.68,Medium,Alert Admin,attack
2026-08-13 18:41:16,DoS_GoldenEye_src_0,DoS GoldenEye,0.78,8,0.61,2.0,42.38,Medium,Alert Admin,attack
2026-08-13 18:41:26,SSH_Patator_src_19,SSH-Patator,0.39,6,0.29,2.0,30.89,Low,Generate Log,attack
2026-08-13 18:41:28,DoS_Hulk_src_22,DoS Hulk,0.46,8,0.62,2.0,41.58,Medium,Alert Admin,attack
2026-08-13 18:41:30,DDoS_src_23,DDoS,0.76,9,0.32,2.0,49.36,Medium,Alert Admin,attack
2026-08-13 18:41:32,DDoS_src_19,DDoS,0.61,9,0.01,0.0,46.53,Medium,Alert Admin,attack
2026-08-13 18:41:34,Infiltration_src_0,Infiltration,4.43,9,0.04,0.0,56.14,Medium,Alert Admin,attack
2026-08-13 18:41:36,SSH_Patator_src_3,SSH-Patator,0.39,6,0.75,2.0,31.61,Low,Generate Log,attack
2026-08-13 18:41:38,Bot_src_0,Bot,0.38,8,0.02,0.0,40.98,Medium,Alert Admin,attack
2026-08-13 18:41:44,SSH_Patator_src_25,SSH-Patator,0.39,6,0.75,2.0,31.59,Low,Generate Log,attack
2026-08-13 18:41:48,DoS_GoldenEye_src_8,DoS GoldenEye,1.01,8,0.0,0.0,40.02,Medium,Alert Admin,attack
2026-08-13 18:42:20,DoS_Hulk_src_30,DoS Hulk,0.77,8,0.74,2.0,42.52,Medium,Alert Admin,attack
2026-08-13 18:42:24,Bot_src_3,Bot,0.23,8,0.04,0.0,40.64,Medium,Alert Admin,attack
2026-08-13 18:42:28,DoS_slowloris_src_15,DoS slowloris,0.99,7,0.92,4.0,40.36,Medium,Alert Admin,attack
2026-08-13 18:42:42,Bot_src_12,Bot,0.25,8,0.02,0.0,40.64,Medium,Alert Admin,attack
2026-08-13 18:42:50,SSH_Patator_src_2,SSH-Patator,0.39,6,0.03,0.0,28.52,Low,Generate Log,attack
2026-08-13 18:42:52,DoS_Slowhttptest_src_1,DoS Slowhttptest,0.98,7,0.46,2.0,37.63,Medium,Alert Admin,attack
2026-08-13 18:42:56,PortScan_src_27,PortScan,0.84,4,0.0,0.0,19.6,Low,Generate Log,attack
2026-08-13 18:43:04,Infiltration_src_1,Infiltration,0.27,9,0.22,0.0,46.01,Medium,Alert Admin,attack
2026-08-13 18:43:08,FTP_Patator_src_0,FTP-Patator,0.39,6,0.27,0.0,28.87,Low,Generate Log,attack
2026-08-13 18:43:10,DoS_Slowhttptest_src_1,DoS Slowhttptest,1.58,7,1.4,4.0,42.56,Medium,Alert Admin,attack
2026-08-13 18:43:18,DoS_Hulk_src_26,DoS Hulk,0.71,8,0.01,0.0,39.29,Medium,Alert Admin,attack
2026-08-13 18:43:24,DoS_GoldenEye_src_16,DoS GoldenEye,0.83,8,0.0,0.0,39.58,Medium,Alert Admin,attack
2026-08-13 18:43:30,DDoS_src_18,DDoS,0.62,9,0.0,0.0,46.55,Medium,Alert Admin,attack
2026-08-13 18:43:40,DoS_Slowhttptest_src_14,DoS Slowhttptest,1.15,7,0.71,2.0,38.43,Medium,Alert Admin,attack
2026-08-13 18:43:46,SSH_Patator_src_22,SSH-Patator,3.3,6,0.0,0.0,35.75,Medium,Alert Admin,attack
2026-08-13 18:43:52,Bot_src_17,Bot,0.25,8,0.06,0.0,40.7,Medium,Alert Admin,attack
2026-08-13 18:43:58,DoS_Slowhttptest_src_31,DoS Slowhttptest,1.32,7,0.0,0.0,35.81,Medium,Alert Admin,attack
2026-08-13 18:44:00,DDoS_src_9,DDoS,2.98,9,0.01,0.0,52.48,Medium,Alert Admin,attack
2026-08-13 18:44:10,DoS_slowloris_src_17,DoS slowloris,3.07,7,0.51,2.0,42.94,Medium,Alert Admin,attack
2026-08-13 18:44:12,DoS_Slowhttptest_src_15,DoS Slowhttptest,0.78,7,0.55,2.0,37.27,Medium,Alert Admin,attack
2026-08-13 18:44:14,SSH_Patator_src_8,SSH-Patator,0.41,6,0.0,0.0,28.53,Low,Generate Log,attack
2026-08-13 18:44:18,DDoS_src_29,DDoS,0.73,9,0.57,2.0,49.69,Medium,Alert Admin,attack
2026-08-13 18:44:26,DoS_Slowhttptest_src_7,DoS Slowhttptest,1.59,7,1.01,4.0,41.98,Medium,Alert Admin,attack
2026-08-13 18:44:36,DoS_Slowhttptest_src_6,DoS Slowhttptest,1.59,7,0.53,2.0,39.26,Medium,Alert Admin,attack
2026-08-13 18:45:08,DoS_Hulk_src_8,DoS Hulk,0.27,8,0.01,0.0,38.19,Medium,Alert Admin,attack
2026-08-13 18:45:20,Web_Attack_�_Sql_Injection_src_0,Web Attack - Sql Injection,0.39,6,0.14,0.0,28.68,Low,Generate Log,attack
2026-08-13 18:45:22,DoS_Slowhttptest_src_4,DoS Slowhttptest,1.61,7,0.07,0.0,36.63,Medium,Alert Admin,attack
2026-08-13 18:45:26,DoS_slowloris_src_32,DoS slowloris,1.27,7,0.78,4.0,40.84,Medium,Alert Admin,attack
2026-08-13 18:45:40,DoS_Hulk_src_10,DoS Hulk,0.7,8,0.0,0.0,39.24,Medium,Alert Admin,attack
2026-08-13 18:45:42,DoS_slowloris_src_14,DoS slowloris,0.99,7,0.55,0.0,35.8,Medium,Alert Admin,attack
2026-08-13 18:45:44,DoS_Hulk_src_11,DoS Hulk,0.49,8,0.42,2.0,41.36,Medium,Alert Admin,attack
2026-08-13 18:45:50,DoS_Hulk_src_30,DoS Hulk,0.71,8,1.07,4.0,44.87,Medium,Alert Admin,attack
2026-08-13 18:45:56,Bot_src_3,Bot,0.22,8,0.64,2.0,43.49,Medium,Alert Admin,attack
2026-08-13 18:46:08,Bot_src_15,Bot,0.39,8,0.02,0.0,41.01,Medium,Alert Admin,attack
2026-08-13 18:46:20,PortScan_src_16,PortScan,0.74,4,0.0,0.0,19.34,Low,Generate Log,attack
2026-08-13 18:46:24,DoS_GoldenEye_src_25,DoS GoldenEye,1.07,8,0.43,2.0,42.82,Medium,Alert Admin,attack
2026-08-13 18:46:32,Bot_src_5,Bot,0.24,8,0.27,2.0,42.99,Medium,Alert Admin,attack
2026-08-13 18:46:34,DDoS_src_22,DDoS,0.99,9,0.03,0.0,47.51,Medium,Alert Admin,attack
2026-08-13 18:46:42,Infiltration_src_0,Infiltration,2.48,9,0.51,2.0,53.98,Medium,Alert Admin,attack
2026-08-13 18:46:50,Bot_src_4,Bot,0.24,8,0.15,0.0,40.83,Medium,Alert Admin,attack
2026-08-13 18:46:54,Bot_src_2,Bot,0.21,8,0.17,0.0,40.78,Medium,Alert Admin,attack
2026-08-13 18:46:58,DoS_Hulk_src_10,DoS Hulk,0.7,8,0.84,2.0,42.5,Medium,Alert Admin,attack
2026-08-13 18:47:00,DoS_Hulk_src_29,DoS Hulk,0.71,8,0.43,0.0,39.93,Medium,Alert Admin,attack
2026-08-13 18:47:02,SSH_Patator_src_23,SSH-Patator,0.39,6,0.09,0.0,28.62,Low,Generate Log,attack
2026-08-13 18:47:04,DoS_slowloris_src_25,DoS slowloris,0.38,7,0.12,0.0,33.62,Low,Generate Log,attack
2026-08-13 18:47:06,DoS_Hulk_src_15,DoS Hulk,0.7,8,0.16,0.0,39.48,Medium,Alert Admin,attack
2026-08-13 18:47:16,DoS_Hulk_src_4,DoS Hulk,1.65,8,0.39,0.0,42.21,Medium,Alert Admin,attack
2026-08-13 18:47:22,DoS_slowloris_src_28,DoS slowloris,0.22,7,0.13,0.0,33.24,Low,Generate Log,attack
2026-08-13 18:47:24,Bot_src_4,Bot,0.25,8,1.06,2.0,44.21,Medium,Alert Admin,attack
2026-08-13 18:47:26,DoS_slowloris_src_13,DoS slowloris,0.99,7,0.22,0.0,35.3,Medium,Alert Admin,attack
2026-08-13 18:47:38,Bot_src_9,Bot,0.24,8,0.0,0.0,40.61,Medium,Alert Admin,attack
2026-08-13 18:47:42,Bot_src_26,Bot,0.23,8,0.0,0.0,40.57,Medium,Alert Admin,attack
2026-08-13 18:47:48,DDoS_src_23,DDoS,0.72,9,0.55,2.0,49.61,Medium,Alert Admin,attack
2026-08-13 18:47:50,SSH_Patator_src_3,SSH-Patator,0.4,6,0.74,4.0,33.59,Low,Generate Log,attack
2026-08-13 18:47:52,SSH_Patator_src_22,SSH-Patator,0.41,6,0.57,2.0,31.39,Low,Generate Log,attack
2026-08-13 18:47:54,DDoS_src_8,DDoS,1.12,9,0.0,0.0,47.79,Medium,Alert Admin,attack
2026-08-13 18:47:56,DoS_slowloris_src_17,DoS slowloris,3.07,7,0.89,2.0,43.52,Medium,Alert Admin,attack
2026-08-13 18:48:00,DoS_slowloris_src_15,DoS slowloris,0.99,7,0.89,2.0,38.31,Medium,Alert Admin,attack
2026-08-13 18:48:14,DoS_Hulk_src_25,DoS Hulk,0.41,8,0.14,0.0,38.72,Medium,Alert Admin,attack
2026-08-13 18:48:20,DoS_Hulk_src_9,DoS Hulk,0.52,8,0.03,0.0,38.84,Medium,Alert Admin,attack
2026-08-13 18:48:44,SSH_Patator_src_22,SSH-Patator,3.3,6,1.39,4.0,41.83,Medium,Alert Admin,attack
2026-08-13 18:48:48,DoS_slowloris_src_25,DoS slowloris,0.95,7,0.88,2.0,38.19,Medium,Alert Admin,attack
2026-08-13 18:48:56,Bot_src_13,Bot,0.25,8,0.15,0.0,40.85,Medium,Alert Admin,attack
2026-08-13 18:49:04,DoS_GoldenEye_src_13,DoS GoldenEye,2.12,8,0.0,0.0,42.8,Medium,Alert Admin,attack
2026-08-13 18:49:10,DoS_slowloris_src_18,DoS slowloris,3.07,7,0.68,2.0,43.19,Medium,Alert Admin,attack
2026-08-13 18:49:14,DDoS_src_16,DDoS,0.72,9,0.27,0.0,47.2,Medium,Alert Admin,attack
2026-08-13 18:49:22,DoS_slowloris_src_30,DoS slowloris,1.4,7,0.16,0.0,36.24,Medium,Alert Admin,attack
2026-08-13 18:49:26,DDoS_src_10,DDoS,0.4,9,0.31,2.0,48.45,Medium,Alert Admin,attack
2026-08-13 18:49:30,SSH_Patator_src_8,SSH-Patator,0.41,6,0.48,2.0,31.25,Low,Generate Log,attack
2026-08-13 18:49:36,Bot_src_30,Bot,0.22,8,0.03,0.0,40.6,Medium,Alert Admin,attack
2026-08-13 18:49:48,DDoS_src_0,DDoS,0.85,9,0.02,0.0,47.15,Medium,Alert Admin,attack
2026-08-13 18:49:50,DDoS_src_7,DDoS,1.14,9,0.01,0.0,47.86,Medium,Alert Admin,attack
2026-08-13 18:50:00,Bot_src_15,Bot,0.39,8,0.6,2.0,43.87,Medium,Alert Admin,attack
2026-08-13 18:50:16,DDoS_src_25,DDoS,1.83,9,0.01,0.0,49.59,Medium,Alert Admin,attack
2026-08-13 18:50:26,DoS_Slowhttptest_src_0,DoS Slowhttptest,1.55,7,0.27,0.0,36.77,Medium,Alert Admin,attack
2026-08-13 18:50:30,Infiltration_src_1,Infiltration,0.42,9,0.43,2.0,48.7,Medium,Alert Admin,attack
2026-08-13 18:50:36,Bot_src_28,Bot,0.22,8,0.0,0.0,40.55,Medium,Alert Admin,attack
2026-08-13 18:50:40,DoS_Slowhttptest_src_3,DoS Slowhttptest,1.61,7,0.18,0.0,36.79,Medium,Alert Admin,attack
2026-08-13 18:50:42,Bot_src_24,Bot,0.24,8,0.38,0.0,41.17,Medium,Alert Admin,attack
2026-08-13 18:50:46,DoS_Slowhttptest_src_0,DoS Slowhttptest,1.55,7,1.21,2.0,40.18,Medium,Alert Admin,attack
2026-08-13 18:50:48,DoS_Hulk_src_6,DoS Hulk,1.08,8,0.0,0.0,40.21,Medium,Alert Admin,attack
2026-08-13 18:50:56,Bot_src_25,Bot,0.25,8,0.0,0.0,40.62,Medium,Alert Admin,attack
2026-08-13 18:50:58,Bot_src_8,Bot,0.24,8,0.0,0.0,40.61,Medium,Alert Admin,attack
2026-08-13 18:51:00,DDoS_src_32,DDoS,0.67,9,0.0,0.0,46.67,Medium,Alert Admin,attack
2026-08-13 18:51:02,Bot_src_3,Bot,0.24,8,0.81,4.0,45.81,Medium,Alert Admin,attack
2026-08-13 18:51:08,DoS_slowloris_src_27,DoS slowloris,1.07,7,0.35,0.0,35.7,Medium,Alert Admin,attack
2026-08-13 18:51:12,DoS_GoldenEye_src_19,DoS GoldenEye,1.51,8,0.07,0.0,41.37,Medium,Alert Admin,attack
2026-08-13 18:51:14,DoS_Hulk_src_7,DoS Hulk,0.43,8,0.02,0.0,38.61,Medium,Alert Admin,attack
2026-08-13 18:51:20,DDoS_src_25,DDoS,0.64,9,0.87,2.0,49.9,Medium,Alert Admin,attack
2026-08-13 18:51:34,DoS_Hulk_src_16,DoS Hulk,0.63,8,0.0,0.0,39.07,Medium,Alert Admin,attack
2026-08-13 18:51:36,DoS_Slowhttptest_src_1,DoS Slowhttptest,1.58,7,0.75,4.0,41.57,Medium,Alert Admin,attack
2026-08-13 18:51:40,DoS_slowloris_src_12,DoS slowloris,0.89,7,0.0,0.0,34.73,Low,Generate Log,attack
2026-08-13 18:51:48,DoS_Hulk_src_25,DoS Hulk,0.57,8,0.69,2.0,41.97,Medium,Alert Admin,attack
2026-08-13 18:51:52,DoS_Hulk_src_28,DoS Hulk,2.16,8,0.23,0.0,43.24,Medium,Alert Admin,attack
2026-08-13 18:52:02,DoS_Hulk_src_18,DoS Hulk,0.38,8,0.0,0.0,38.46,Medium,Alert Admin,attack
2026-08-13 18:52:12,Bot_src_7,Bot,0.24,8,0.0,0.0,40.59,Medium,Alert Admin,attack
2026-08-13 18:52:36,Bot_src_22,Bot,0.38,8,0.1,0.0,41.1,Medium,Alert Admin,attack
2026-08-13 18:52:44,DoS_Slowhttptest_src_28,DoS Slowhttptest,1.08,7,0.29,0.0,35.62,Medium,Alert Admin,attack
2026-08-13 18:52:58,DoS_Hulk_src_15,DoS Hulk,0.67,8,0.51,2.0,41.96,Medium,Alert Admin,attack
2026-08-13 18:53:00,DoS_slowloris_src_32,DoS slowloris,1.49,7,0.62,2.0,39.16,Medium,Alert Admin,attack
2026-08-13 18:53:02,DoS_Hulk_src_6,DoS Hulk,0.49,8,0.74,2.0,41.83,Medium,Alert Admin,attack
2026-08-13 18:53:16,DoS_Hulk_src_21,DoS Hulk,0.72,8,0.01,0.0,39.3,Medium,Alert Admin,attack
2026-08-13 18:53:24,DoS_Slowhttptest_src_8,DoS Slowhttptest,1.58,7,0.01,0.0,36.47,Medium,Alert Admin,attack
2026-08-13 18:53:28,DoS_Slowhttptest_src_1,DoS Slowhttptest,1.58,7,1.35,2.0,40.48,Medium,Alert Admin,attack
2026-08-13 18:53:32,Bot_src_25,Bot,0.24,8,0.7,2.0,43.66,Medium,Alert Admin,attack
2026-08-13 18:53:34,DoS_Slowhttptest_src_3,DoS Slowhttptest,1.61,7,0.79,2.0,39.7,Medium,Alert Admin,attack
2026-08-13 18:53:36,DoS_slowloris_src_25,DoS slowloris,0.41,7,0.97,4.0,38.97,Medium,Alert Admin,attack
2026-08-13 18:53:38,DoS_Hulk_src_12,DoS Hulk,0.66,8,0.03,0.0,39.19,Medium,Alert Admin,attack
2026-08-13 18:53:40,DDoS_src_2,DDoS,1.14,9,0.0,0.0,47.84,Medium,Alert Admin,attack
2026-08-13 18:53:54,DoS_slowloris_src_13,DoS slowloris,0.99,7,0.5,2.0,37.72,Medium,Alert Admin,attack
2026-08-13 18:54:06,PortScan_src_33,PortScan,0.57,4,0.01,0.0,18.95,Low,Generate Log,attack
2026-08-13 18:54:16,DDoS_src_4,DDoS,2.49,9,0.0,0.0,51.22,Medium,Alert Admin,attack
2026-08-13 18:54:20,DoS_Hulk_src_4,DoS Hulk,1.88,8,0.52,2.0,45.0,Medium,Alert Admin,attack
2026-08-13 18:54:22,Bot_src_30,Bot,0.23,8,0.53,2.0,43.38,Medium,Alert Admin,attack
2026-08-13 18:54:30,Bot_src_12,Bot,0.25,8,0.2,0.0,40.92,Medium,Alert Admin,attack
2026-08-13 18:54:34,SSH_Patator_src_14,SSH-Patator,0.43,6,0.01,0.0,28.59,Low,Generate Log,attack
2026-08-13 18:54:36,DoS_Hulk_src_14,DoS Hulk,0.99,8,0.04,0.0,40.04,Medium,Alert Admin,attack
2026-08-13 18:54:42,DoS_Slowhttptest_src_7,DoS Slowhttptest,1.59,7,0.48,0.0,37.19,Medium,Alert Admin,attack
2026-08-13 18:54:58,SSH_Patator_src_14,SSH-Patator,0.43,6,0.95,2.0,32.01,Low,Generate Log,attack
2026-08-13 18:55:04,Bot_src_17,Bot,0.23,8,0.22,0.0,40.91,Medium,Alert Admin,attack
2026-08-13 18:55:08,DoS_slowloris_src_13,DoS slowloris,0.99,7,1.26,4.0,40.86,Medium,Alert Admin,attack
2026-08-13 18:55:10,DDoS_src_11,DDoS,0.95,9,0.0,0.0,47.37,Medium,Alert Admin,attack
2026-08-13 18:55:12,DoS_GoldenEye_src_19,DoS GoldenEye,1.34,8,0.61,2.0,43.76,Medium,Alert Admin,attack
2026-08-13 18:55:20,DoS_Slowhttptest_src_5,DoS Slowhttptest,1.61,7,0.03,0.0,36.56,Medium,Alert Admin,attack
2026-08-13 18:55:24,DoS_GoldenEye_src_27,DoS GoldenEye,0.86,8,0.06,0.0,39.74,Medium,Alert Admin,attack
2026-08-13 18:55:26,DDoS_src_10,DDoS,1.02,9,0.57,2.0,50.41,Medium,Alert Admin,attack
2026-08-13 18:55:28,DoS_Slowhttptest_src_28,DoS Slowhttptest,1.08,7,0.88,2.0,38.51,Medium,Alert Admin,attack
2026-08-13 18:55:30,SSH_Patator_src_14,SSH-Patator,0.45,6,1.81,4.0,35.36,Medium,Alert Admin,attack
2026-08-13 18:55:48,Bot_src_21,Bot,0.22,8,0.01,0.0,40.57,Medium,Alert Admin,attack
2026-08-13 18:55:52,DoS_Hulk_src_26,DoS Hulk,0.49,8,0.18,0.0,38.98,Medium,Alert Admin,attack
2026-08-13 18:55:54,SSH_Patator_src_1,SSH-Patator,0.39,6,0.02,0.0,28.5,Low,Generate Log,attack
2026-08-13 18:55:58,Bot_src_3,Bot,0.24,8,0.91,2.0,43.97,Medium,Alert Admin,attack
2026-08-13 18:56:06,Bot_src_15,Bot,0.24,8,0.69,4.0,45.64,Medium,Alert Admin,attack
2026-08-13 18:56:08,DoS_slowloris_src_31,DoS slowloris,1.13,7,0.01,0.0,35.33,Medium,Alert Admin,attack
2026-08-13 18:56:10,DoS_GoldenEye_src_30,DoS GoldenEye,0.68,8,0.0,0.0,39.2,Medium,Alert Admin,attack
2026-08-13 18:56:18,DDoS_src_18,DDoS,0.72,9,0.17,0.0,47.07,Medium,Alert Admin,attack
2026-08-13 18:56:24,DoS_Hulk_src_15,DoS Hulk,1.17,8,0.94,4.0,45.84,Medium,Alert Admin,attack
2026-08-13 18:56:32,DoS_GoldenEye_src_19,DoS GoldenEye,0.71,8,1.34,4.0,45.28,Medium,Alert Admin,attack
2026-08-13 18:56:38,Bot_src_32,Bot,0.24,8,0.0,0.0,40.59,Medium,Alert Admin,attack
2026-08-13 18:56:48,DoS_Hulk_src_3,DoS Hulk,0.72,8,0.06,0.0,39.38,Medium,Alert Admin,attack
2026-08-13 18:56:52,DoS_Slowhttptest_src_7,DoS Slowhttptest,1.59,7,1.1,2.0,40.11,Medium,Alert Admin,attack
2026-08-13 18:56:54,DoS_Hulk_src_31,DoS Hulk,0.68,8,0.11,0.0,39.38,Medium,Alert Admin,attack
2026-08-13 18:56:56,DDoS_src_11,DDoS,2.1,9,0.78,2.0,53.42,Medium,Alert Admin,attack
2026-08-13 18:56:58,SSH_Patator_src_31,SSH-Patator,0.39,6,0.02,0.0,28.49,Low,Generate Log,attack
2026-08-13 18:57:20,DoS_Slowhttptest_src_27,DoS Slowhttptest,1.31,7,0.14,0.0,35.98,Medium,Alert Admin,attack
2026-08-13 18:57:24,DDoS_src_27,DDoS,2.29,9,0.06,0.0,50.82,Medium,Alert Admin,attack
2026-08-13 18:57:32,DoS_Hulk_src_26,DoS Hulk,0.48,8,0.93,2.0,42.11,Medium,Alert Admin,attack
2026-08-13 18:57:36,DoS_slowloris_src_13,DoS slowloris,0.99,7,1.61,4.0,41.38,Medium,Alert Admin,attack
2026-08-13 18:57:44,DDoS_src_29,DDoS,2.98,9,0.24,0.0,52.81,Medium,Alert Admin,attack
2026-08-13 18:58:00,DoS_Hulk_src_28,DoS Hulk,0.48,8,0.52,2.0,41.49,Medium,Alert Admin,attack
2026-08-13 18:58:04,Infiltration_src_2,Infiltration,0.43,9,0.0,0.0,46.07,Medium,Alert Admin,attack
2026-08-13 18:58:22,DoS_Hulk_src_19,DoS Hulk,0.51,8,0.01,0.0,38.8,Medium,Alert Admin,attack
2026-08-13 18:58:28,DoS_Hulk_src_26,DoS Hulk,0.78,8,1.7,4.0,46.01,Medium,Alert Admin,attack
2026-08-13 18:58:36,DoS_Slowhttptest_src_14,DoS Slowhttptest,1.11,7,0.22,0.0,35.59,Medium,Alert Admin,attack
2026-08-13 18:58:38,DDoS_src_2,DDoS,0.61,9,0.5,2.0,49.28,Medium,Alert Admin,attack
2026-08-13 18:58:42,DoS_Hulk_src_16,DoS Hulk,0.67,8,0.37,2.0,41.73,Medium,Alert Admin,attack
2026-08-13 18:58:44,DoS_Hulk_src_28,DoS Hulk,0.73,8,1.38,4.0,45.38,Medium,Alert Admin,attack
2026-08-13 18:58:48,DoS_Hulk_src_25,DoS Hulk,2.16,8,0.64,2.0,45.85,Medium,Alert Admin,attack
2026-08-13 18:58:54,DoS_GoldenEye_src_1,DoS GoldenEye,1.63,8,0.0,0.0,41.57,Medium,Alert Admin,attack
2026-08-13 18:59:02,DoS_Slowhttptest_src_28,DoS Slowhttptest,1.08,7,1.15,4.0,40.91,Medium,Alert Admin,attack
2026-08-13 18:59:08,DoS_GoldenEye_src_1,DoS GoldenEye,1.72,8,0.97,2.0,45.25,Medium,Alert Admin,attack
2026-08-13 18:59:16,DoS_Slowhttptest_src_5,DoS Slowhttptest,1.61,7,0.6,2.0,39.41,Medium,Alert Admin,attack
2026-08-13 18:59:30,DoS_slowloris_src_18,DoS slowloris,3.07,7,0.4,0.0,40.78,Medium,Alert Admin,attack
2026-08-13 18:59:32,DDoS_src_0,DDoS,4.48,9,0.26,2.0,58.59,Medium,Alert Admin,attack
2026-08-13 18:59:34,DoS_Hulk_src_7,DoS Hulk,0.7,8,0.32,2.0,41.72,Medium,Alert Admin,attack
2026-08-13 18:59:36,SSH_Patator_src_1,SSH-Patator,0.39,6,0.61,2.0,31.39,Low,Generate Log,attack
2026-08-13 18:59:46,Bot_src_27,Bot,0.24,8,0.01,0.0,40.62,Medium,Alert Admin,attack
2026-08-13 18:59:50,DDoS_src_27,DDoS,2.33,9,0.76,2.0,53.97,Medium,Alert Admin,attack
2026-08-13 18:59:52,PortScan_src_23,PortScan,0.4,4,0.0,0.0,18.5,Low,Generate Log,attack
2026-08-13 18:59:54,Bot_src_9,Bot,0.4,8,0.18,0.0,41.27,Medium,Alert Admin,attack
2026-08-13 19:00:00,Bot_src_0,Bot,0.37,8,0.08,0.0,41.04,Medium,Alert Admin,attack
2026-08-13 19:00:02,DoS_Slowhttptest_src_8,DoS Slowhttptest,1.58,7,0.4,2.0,39.06,Medium,Alert Admin,attack
2026-08-13 19:00:04,DoS_Slowhttptest_src_2,DoS Slowhttptest,1.61,7,0.01,0.0,36.54,Medium,Alert Admin,attack
2026-08-13 19:00:08,SSH_Patator_src_12,SSH-Patator,0.4,6,0.01,0.0,28.52,Low,Generate Log,attack
2026-08-13 19:00:10,DoS_Hulk_src_21,DoS Hulk,0.78,8,0.39,2.0,42.02,Medium,Alert Admin,attack
2026-08-13 19:00:12,Bot_src_13,Bot,0.22,8,0.24,0.0,40.92,Medium,Alert Admin,attack
2026-08-13 19:00:28,SSH_Patator_src_24,SSH-Patator,0.39,6,0.05,0.0,28.54,Low,Generate Log,attack
2026-08-13 19:00:42,DoS_slowloris_src_28,DoS slowloris,0.22,7,0.18,0.0,33.32,Low,Generate Log,attack
2026-08-13 19:00:44,DDoS_src_12,DDoS,0.5,9,0.02,0.0,46.29,Medium,Alert Admin,attack
2026-08-13 19:00:46,DDoS_src_1,DDoS,0.6,9,0.02,0.0,46.53,Medium,Alert Admin,attack
2026-08-13 19:00:48,DDoS_src_32,DDoS,0.7,9,0.26,2.0,49.14,Medium,Alert Admin,attack
2026-08-13 19:00:50,DoS_Hulk_src_17,DoS Hulk,0.66,8,0.1,0.0,39.29,Medium,Alert Admin,attack
2026-08-13 19:00:54,DoS_Hulk_src_23,DoS Hulk,0.99,8,0.0,0.0,39.98,Medium,Alert Admin,attack
2026-08-13 19:00:58,DoS_Hulk_src_0,DoS Hulk,0.88,8,0.02,0.0,39.73,Medium,Alert Admin,attack
2026-08-13 19:01:00,DoS_Hulk_src_4,DoS Hulk,1.89,8,0.6,2.0,45.12,Medium,Alert Admin,attack
2026-08-13 19:01:02,DoS_Hulk_src_14,DoS Hulk,2.2,8,0.43,2.0,45.64,Medium,Alert Admin,attack
2026-08-13 19:01:06,Bot_src_6,Bot,0.25,8,0.03,0.0,40.68,Medium,Alert Admin,attack
2026-08-13 19:01:08,Bot_src_1,Bot,0.39,8,0.0,0.0,40.97,Medium,Alert Admin,attack
2026-08-13 19:01:14,Bot_src_13,Bot,0.24,8,1.08,2.0,44.22,Medium,Alert Admin,attack
2026-08-13 19:01:16,SSH_Patator_src_23,SSH-Patator,0.39,6,0.15,0.0,28.71,Low,Generate Log,attack
2026-08-13 19:01:24,DoS_slowloris_src_28,DoS slowloris,1.43,7,1.07,2.0,39.68,Medium,Alert Admin,attack
2026-08-13 19:01:28,DoS_slowloris_src_23,DoS slowloris,0.36,7,0.0,0.0,33.41,Low,Generate Log,attack
2026-08-13 19:01:32,DDoS_src_6,DDoS,1.11,9,0.02,0.0,47.81,Medium,Alert Admin,attack
2026-08-13 19:01:34,DoS_slowloris_src_28,DoS slowloris,1.08,7,2.02,4.0,42.22,Medium,Alert Admin,attack
2026-08-13 19:01:36,DoS_Slowhttptest_src_9,DoS Slowhttptest,1.39,7,0.11,0.0,36.14,Medium,Alert Admin,attack
2026-08-13 19:01:38,SSH_Patator_src_8,SSH-Patator,0.41,6,0.28,0.0,28.93,Low,Generate Log,attack
2026-08-13 19:01:42,DoS_GoldenEye_src_17,DoS GoldenEye,1.02,8,0.0,0.0,40.04,Medium,Alert Admin,attack
2026-08-13 19:01:54,DDoS_src_0,DDoS,0.85,9,0.91,2.0,50.48,Medium,Alert Admin,attack
2026-08-13 19:02:02,Bot_src_11,Bot,0.23,8,0.02,0.0,40.59,Medium,Alert Admin,attack
2026-08-13 19:02:04,DoS_Slowhttptest_src_7,DoS Slowhttptest,1.59,7,1.02,4.0,42.0,Medium,Alert Admin,attack
2026-08-13 19:02:06,DoS_slowloris_src_29,DoS slowloris,0.43,7,0.01,0.0,33.58,Low,Generate Log,attack
2026-08-13 19:02:12,DoS_Slowhttptest_src_13,DoS Slowhttptest,1.6,7,0.0,0.0,36.51,Medium,Alert Admin,attack
2026-08-13 19:02:14,DoS_Hulk_src_23,DoS Hulk,0.76,8,0.83,2.0,42.65,Medium,Alert Admin,attack
2026-08-13 19:02:16,DDoS_src_17,DDoS,0.61,9,0.01,0.0,46.53,Medium,Alert Admin,attack
2026-08-13 19:02:38,DoS_Hulk_src_8,DoS Hulk,0.73,8,0.09,0.0,39.46,Medium,Alert Admin,attack
2026-08-13 19:02:40,DDoS_src_1,DDoS,0.7,9,0.78,2.0,49.94,Medium,Alert Admin,attack
2026-08-13 19:03:00,DoS_GoldenEye_src_28,DoS GoldenEye,1.49,8,0.0,0.0,41.22,Medium,Alert Admin,attack
2026-08-13 19:03:04,DoS_slowloris_src_25,DoS slowloris,0.41,7,0.53,2.0,36.32,Medium,Alert Admin,attack
2026-08-13 19:03:10,DDoS_src_23,DDoS,0.49,9,0.18,0.0,46.51,Medium,Alert Admin,attack
2026-08-13 19:03:16,DoS_Hulk_src_29,DoS Hulk,0.3,8,0.15,0.0,38.47,Medium,Alert Admin,attack
2026-08-13 19:03:18,Bot_src_1,Bot,0.39,8,0.74,2.0,44.08,Medium,Alert Admin,attack
2026-08-13 19:03:22,DoS_Hulk_src_26,DoS Hulk,0.76,8,1.37,6.0,47.44,Medium,Alert Admin,attack
2026-08-13 19:03:26,DoS_Slowhttptest_src_3,DoS Slowhttptest,1.61,7,0.46,2.0,39.2,Medium,Alert Admin,attack
2026-08-13 19:03:28,DoS_Hulk_src_5,DoS Hulk,1.62,8,0.03,0.0,41.6,Medium,Alert Admin,attack
2026-08-13 19:03:30,PortScan_src_31,PortScan,0.84,4,0.0,0.0,19.6,Low,Generate Log,attack
2026-08-13 19:03:32,DoS_Hulk_src_26,DoS Hulk,0.78,8,2.31,8.0,50.93,Medium,Alert Admin,attack
2026-08-13 19:03:36,DoS_Slowhttptest_src_5,DoS Slowhttptest,1.61,7,0.88,4.0,41.83,Medium,Alert Admin,attack
2026-08-13 19:03:44,DoS_GoldenEye_src_17,DoS GoldenEye,1.03,8,0.75,2.0,43.2,Medium,Alert Admin,attack
2026-08-13 19:03:54,DoS_slowloris_src_17,DoS slowloris,3.07,7,0.21,0.0,40.49,Medium,Alert Admin,attack
2026-08-13 19:03:56,DoS_Hulk_src_26,DoS Hulk,0.36,8,3.14,10.0,53.11,Medium,Alert Admin,attack
2026-08-13 19:04:04,DoS_Hulk_src_11,DoS Hulk,0.79,8,0.11,0.0,39.64,Medium,Alert Admin,attack
2026-08-13 19:04:18,DDoS_src_25,DDoS,0.64,9,0.31,0.0,47.06,Medium,Alert Admin,attack
2026-08-13 19:04:20,PortScan_src_16,PortScan,0.39,4,0.08,0.0,18.6,Low,Generate Log,attack
2026-08-13 19:04:26,DoS_slowloris_src_32,DoS slowloris,1.22,7,0.33,0.0,36.05,Medium,Alert Admin,attack
2026-08-13 19:04:28,DDoS_src_32,DDoS,2.55,9,0.76,2.0,54.51,Medium,Alert Admin,attack
2026-08-13 19:04:32,Bot_src_20,Bot,3.07,8,0.0,0.0,47.68,Medium,Alert Admin,attack
2026-08-13 19:04:36,DDoS_src_0,DDoS,5.22,9,1.31,4.0,64.01,High,Blacklist IP,attack
2026-08-13 19:04:48,DoS_Hulk_src_33,DoS Hulk,0.66,8,0.03,0.0,39.2,Medium,Alert Admin,attack
2026-08-13 19:05:08,Bot_src_20,Bot,0.23,8,0.92,2.0,43.97,Medium,Alert Admin,attack
2026-08-13 19:05:14,DoS_GoldenEye_src_31,DoS GoldenEye,1.04,8,0.01,0.0,40.13,Medium,Alert Admin,attack
2026-08-13 19:05:18,DDoS_src_10,DDoS,0.61,9,0.4,2.0,49.13,Medium,Alert Admin,attack
2026-08-13 19:05:24,Bot_src_19,Bot,0.25,8,0.0,0.0,40.62,Medium,Alert Admin,attack
2026-08-13 19:05:32,DoS_Hulk_src_26,DoS Hulk,0.54,8,3.31,10.0,53.81,Medium,Alert Admin,attack
2026-08-13 19:05:36,DoS_Slowhttptest_src_9,DoS Slowhttptest,1.59,7,0.64,2.0,39.42,Medium,Alert Admin,attack
2026-08-13 19:05:42,DoS_slowloris_src_20,DoS slowloris,2.93,7,0.0,0.0,39.83,Medium,Alert Admin,attack
2026-08-13 19:05:44,SSH_Patator_src_30,SSH-Patator,0.39,6,0.0,0.0,28.47,Low,Generate Log,attack
2026-08-13 19:05:50,Bot_src_19,Bot,0.25,8,0.94,2.0,44.04,Medium,Alert Admin,attack
2026-08-13 19:06:04,DoS_Hulk_src_1,DoS Hulk,0.41,8,0.02,0.0,38.56,Medium,Alert Admin,attack
2026-08-13 19:06:10,SSH_Patator_src_22,SSH-Patator,0.41,6,0.21,0.0,28.84,Low,Generate Log,attack
2026-08-13 19:06:18,DoS_GoldenEye_src_26,DoS GoldenEye,2.28,8,0.01,0.0,43.23,Medium,Alert Admin,attack
2026-08-13 19:06:22,DoS_GoldenEye_src_23,DoS GoldenEye,0.7,8,0.01,0.0,39.26,Medium,Alert Admin,attack
2026-08-13 19:06:24,DDoS_src_14,DDoS,2.19,9,0.0,0.0,50.47,Medium,Alert Admin,attack
2026-08-13 19:07:00,DoS_GoldenEye_src_3,DoS GoldenEye,1.46,8,0.0,0.0,41.15,Medium,Alert Admin,attack
2026-08-13 19:07:12,DDoS_src_23,DDoS,2.24,9,0.68,2.0,53.62,Medium,Alert Admin,attack
2026-08-13 19:07:18,PortScan_src_21,PortScan,0.72,4,0.0,0.0,19.31,Low,Generate Log,attack
2026-08-13 19:07:26,DDoS_src_12,DDoS,0.6,9,0.4,2.0,49.12,Medium,Alert Admin,attack
2026-08-13 19:07:28,DoS_slowloris_src_18,DoS slowloris,3.07,7,0.46,2.0,42.88,Medium,Alert Admin,attack
2026-08-13 19:07:30,SSH_Patator_src_29,SSH-Patator,0.41,6,0.0,0.0,28.52,Low,Generate Log,attack
2026-08-13 19:07:32,DDoS_src_29,DDoS,1.86,9,0.32,2.0,52.13,Medium,Alert Admin,attack
2026-08-13 19:07:40,SSH_Patator_src_22,SSH-Patator,0.41,6,0.99,2.0,32.01,Low,Generate Log,attack
2026-08-13 19:07:46,DoS_slowloris_src_24,DoS slowloris,0.41,7,0.0,0.0,33.52,Low,Generate Log,attack
2026-08-13 19:07:48,DoS_Slowhttptest_src_8,DoS Slowhttptest,1.58,7,0.48,2.0,39.17,Medium,Alert Admin,attack
2026-08-13 19:07:56,DoS_slowloris_src_25,DoS slowloris,1.0,7,0.78,2.0,38.16,Medium,Alert Admin,attack
2026-08-13 19:07:58,DDoS_src_30,DDoS,0.65,9,0.02,0.0,46.66,Medium,Alert Admin,attack
2026-08-13 19:08:02,DoS_slowloris_src_30,DoS slowloris,1.14,7,0.09,0.0,35.49,Medium,Alert Admin,attack
2026-08-13 19:08:04,DoS_Hulk_src_23,DoS Hulk,0.51,8,0.82,4.0,44.0,Medium,Alert Admin,attack
2026-08-13 19:08:34,DoS_Slowhttptest_src_15,DoS Slowhttptest,0.78,7,0.05,0.0,34.52,Low,Generate Log,attack
2026-08-13 19:08:38,DDoS_src_23,DDoS,1.25,9,1.37,4.0,54.19,Medium,Alert Admin,attack
2026-08-13 19:08:40,DoS_GoldenEye_src_21,DoS GoldenEye,1.37,8,0.0,0.0,40.94,Medium,Alert Admin,attack
2026-08-13 19:08:50,DoS_slowloris_src_12,DoS slowloris,0.34,7,0.09,0.0,33.5,Low,Generate Log,attack
2026-08-13 19:08:52,DoS_Hulk_src_6,DoS Hulk,0.43,8,0.19,0.0,38.88,Medium,Alert Admin,attack
2026-08-13 19:08:54,DoS_Slowhttptest_src_27,DoS Slowhttptest,1.1,7,0.23,0.0,35.6,Medium,Alert Admin,attack
2026-08-13 19:08:56,DoS_slowloris_src_15,DoS slowloris,0.99,7,0.1,0.0,35.13,Medium,Alert Admin,attack
2026-08-13 19:08:58,DoS_GoldenEye_src_27,DoS GoldenEye,0.69,8,0.16,0.0,39.48,Medium,Alert Admin,attack
2026-08-13 19:09:00,DDoS_src_21,DDoS,0.61,9,0.0,0.0,46.53,Medium,Alert Admin,attack
2026-08-13 19:09:16,Bot_src_5,Bot,0.23,8,0.05,0.0,40.67,Medium,Alert Admin,attack
2026-08-13 19:09:24,DoS_Hulk_src_16,DoS Hulk,0.7,8,0.31,0.0,39.72,Medium,Alert Admin,attack
2026-08-13 19:09:28,DoS_slowloris_src_16,DoS slowloris,3.07,7,0.01,0.0,40.19,Medium,Alert Admin,attack
2026-08-13 19:09:32,DoS_Hulk_src_24,DoS Hulk,0.8,8,0.0,0.0,39.5,Medium,Alert Admin,attack
2026-08-13 19:09:34,DoS_Slowhttptest_src_1,DoS Slowhttptest,0.98,7,0.25,0.0,35.32,Medium,Alert Admin,attack
2026-08-13 19:09:38,DDoS_src_32,DDoS,1.08,9,0.86,4.0,52.99,Medium,Alert Admin,attack
2026-08-13 19:09:50,Bot_src_22,Bot,7.27,8,0.1,0.0,58.33,Medium,Alert Admin,attack
2026-08-13 19:10:02,DoS_GoldenEye_src_31,DoS GoldenEye,1.63,8,0.52,2.0,44.36,Medium,Alert Admin,attack
2026-08-13 19:10:12,DoS_Hulk_src_32,DoS Hulk,0.7,8,0.0,0.0,39.25,Medium,Alert Admin,attack
2026-08-13 19:10:16,DDoS_src_32,DDoS,0.45,9,1.7,6.0,54.67,Medium,Alert Admin,attack
2026-08-13 19:10:24,Infiltration_src_1,Infiltration,0.27,9,0.09,0.0,45.82,Medium,Alert Admin,attack
2026-08-13 19:10:32,DoS_GoldenEye_src_29,DoS GoldenEye,1.04,8,0.0,0.0,40.1,Medium,Alert Admin,attack
2026-08-13 19:10:38,DDoS_src_29,DDoS,0.66,9,0.86,2.0,49.94,Medium,Alert Admin,attack
2026-08-13 19:10:42,DoS_slowloris_src_24,DoS slowloris,0.37,7,0.67,2.0,36.43,Medium,Alert Admin,attack
2026-08-13 19:10:46,DoS_Hulk_src_27,DoS Hulk,0.45,8,0.01,0.0,38.64,Medium,Alert Admin,attack
2026-08-13 19:10:50,DDoS_src_14,DDoS,0.74,9,0.54,2.0,49.65,Medium,Alert Admin,attack
2026-08-13 19:10:52,DoS_Hulk_src_8,DoS Hulk,0.43,8,0.35,2.0,41.09,Medium,Alert Admin,attack
2026-08-13 19:10:54,Bot_src_2,Bot,0.29,8,0.04,0.0,40.79,Medium,Alert Admin,attack
2026-08-13 19:11:00,DoS_Slowhttptest_src_0,DoS Slowhttptest,1.55,7,0.13,0.0,36.56,Medium,Alert Admin,attack
2026-08-13 19:11:02,DoS_Slowhttptest_src_15,DoS Slowhttptest,0.78,7,0.75,2.0,37.56,Medium,Alert Admin,attack
2026-08-13 19:11:04,DDoS_src_24,DDoS,1.3,9,0.0,0.0,48.24,Medium,Alert Admin,attack
2026-08-13 19:11:20,DoS_Slowhttptest_src_27,DoS Slowhttptest,1.1,7,0.88,2.0,38.57,Medium,Alert Admin,attack
2026-08-13 19:11:32,DoS_slowloris_src_22,DoS slowloris,1.25,7,0.01,0.0,35.65,Medium,Alert Admin,attack
2026-08-13 19:11:34,DoS_Hulk_src_25,DoS Hulk,0.72,8,0.28,0.0,39.73,Medium,Alert Admin,attack
2026-08-13 19:11:36,DoS_Hulk_src_12,DoS Hulk,0.51,8,0.09,0.0,38.91,Medium,Alert Admin,attack
2026-08-13 19:11:40,SSH_Patator_src_29,SSH-Patator,0.41,6,0.56,2.0,31.37,Low,Generate Log,attack
2026-08-13 19:11:44,DoS_Hulk_src_28,DoS Hulk,0.48,8,0.39,0.0,39.29,Medium,Alert Admin,attack
2026-08-13 19:11:46,DDoS_src_18,DDoS,0.62,9,0.14,0.0,46.76,Medium,Alert Admin,attack
2026-08-13 19:11:48,DDoS_src_3,DDoS,0.59,9,0.01,0.0,46.49,Medium,Alert Admin,attack
2026-08-13 19:11:52,DoS_Hulk_src_14,DoS Hulk,0.51,8,0.32,0.0,39.26,Medium,Alert Admin,attack
2026-08-13 19:12:00,PortScan_src_22,PortScan,0.73,4,0.0,0.0,19.33,Low,Generate Log,attack
2026-08-13 19:12:08,Bot_src_19,Bot,0.24,8,0.81,4.0,45.83,Medium,Alert Admin,attack
2026-08-13 19:12:16,DoS_Hulk_src_16,DoS Hulk,1.52,8,0.88,2.0,44.63,Medium,Alert Admin,attack
2026-08-13 19:12:18,Bot_src_0,Bot,0.37,8,0.2,0.0,41.23,Medium,Alert Admin,attack
2026-08-13 19:12:26,SSH_Patator_src_1,SSH-Patator,0.38,6,0.27,0.0,28.87,Low,Generate Log,attack
2026-08-13 19:12:30,Bot_src_8,Bot,0.3,8,0.05,0.0,40.82,Medium,Alert Admin,attack
2026-08-13 19:12:34,DDoS_src_3,DDoS,0.69,9,0.91,2.0,50.09,Medium,Alert Admin,attack
2026-08-13 19:12:36,DDoS_src_12,DDoS,0.61,9,0.69,2.0,49.55,Medium,Alert Admin,attack
2026-08-13 19:12:46,Bot_src_6,Bot,0.25,8,0.2,0.0,40.92,Medium,Alert Admin,attack
2026-08-13 19:12:54,DDoS_src_4,DDoS,0.39,9,0.08,0.0,46.1,Medium,Alert Admin,attack
2026-08-13 19:13:00,DDoS_src_13,DDoS,0.69,9,0.0,0.0,46.72,Medium,Alert Admin,attack
2026-08-13 19:13:04,DDoS_src_13,DDoS,0.59,9,0.99,2.0,49.96,Medium,Alert Admin,attack
2026-08-13 19:13:10,DoS_GoldenEye_src_0,DoS GoldenEye,1.53,8,0.02,0.0,41.35,Medium,Alert Admin,attack
2026-08-13 19:13:12,DoS_GoldenEye_src_0,DoS GoldenEye,0.8,8,1.01,2.0,43.03,Medium,Alert Admin,attack
2026-08-13 19:13:40,DDoS_src_0,DDoS,0.85,9,0.66,2.0,50.1,Medium,Alert Admin,attack
2026-08-13 19:13:42,Bot_src_9,Bot,0.25,8,0.17,0.0,40.88,Medium,Alert Admin,attack
2026-08-13 19:13:44,DDoS_src_17,DDoS,0.7,9,0.21,0.0,47.07,Medium,Alert Admin,attack
2026-08-13 19:13:46,DoS_GoldenEye_src_22,DoS GoldenEye,0.85,8,0.01,0.0,39.64,Medium,Alert Admin,attack
2026-08-13 19:13:56,DoS_slowloris_src_17,DoS slowloris,3.07,7,0.3,0.0,40.63,Medium,Alert Admin,attack
2026-08-13 19:13:58,DoS_Hulk_src_20,DoS Hulk,0.38,8,0.01,0.0,38.47,Medium,Alert Admin,attack
2026-08-13 19:14:06,DoS_Hulk_src_1,DoS Hulk,0.43,8,0.33,2.0,41.08,Medium,Alert Admin,attack
2026-08-13 19:14:10,DoS_Hulk_src_24,DoS Hulk,0.46,8,0.53,2.0,41.45,Medium,Alert Admin,attack
2026-08-13 19:14:14,DoS_GoldenEye_src_23,DoS GoldenEye,1.04,8,0.34,2.0,42.61,Medium,Alert Admin,attack
2026-08-13 19:14:20,Bot_src_6,Bot,0.3,8,0.97,2.0,44.21,Medium,Alert Admin,attack
2026-08-13 19:14:24,DoS_Hulk_src_21,DoS Hulk,0.41,8,0.19,0.0,38.81,Medium,Alert Admin,attack
2026-08-13 19:14:28,DoS_Hulk_src_6,DoS Hulk,0.49,8,0.55,2.0,41.55,Medium,Alert Admin,attack
2026-08-13 19:14:44,DDoS_src_20,DDoS,1.01,9,0.0,0.0,47.53,Medium,Alert Admin,attack
2026-08-13 19:14:48,DoS_Hulk_src_27,DoS Hulk,0.73,8,0.58,2.0,42.18,Medium,Alert Admin,attack
2026-08-13 19:14:52,DoS_Hulk_src_12,DoS Hulk,0.51,8,0.69,2.0,41.82,Medium,Alert Admin,attack
2026-08-13 19:14:54,SSH_Patator_src_33,SSH-Patator,0.47,6,0.0,0.0,28.67,Low,Generate Log,attack
2026-08-13 19:15:02,DoS_Hulk_src_21,DoS Hulk,0.95,8,1.09,2.0,43.5,Medium,Alert Admin,attack
2026-08-13 19:15:20,Bot_src_5,Bot,0.24,8,0.45,2.0,43.28,Medium,Alert Admin,attack
2026-08-13 19:15:34,DoS_slowloris_src_19,DoS slowloris,2.53,7,0.0,0.0,38.83,Medium,Alert Admin,attack
2026-08-13 19:15:42,Bot_src_7,Bot,0.47,8,0.04,0.0,41.23,Medium,Alert Admin,attack
2026-08-13 19:15:56,DoS_slowloris_src_25,DoS slowloris,0.41,7,0.59,2.0,36.4,Medium,Alert Admin,attack
2026-08-13 19:15:58,DoS_GoldenEye_src_17,DoS GoldenEye,2.19,8,0.32,0.0,43.46,Medium,Alert Admin,attack
2026-08-13 19:16:04,DoS_Hulk_src_8,DoS Hulk,0.48,8,0.66,2.0,41.69,Medium,Alert Admin,attack
2026-08-13 19:16:06,DoS_Hulk_src_14,DoS Hulk,0.76,8,0.73,2.0,42.5,Medium,Alert Admin,attack
2026-08-13 19:16:12,Bot_src_4,Bot,0.25,8,0.04,0.0,40.68,Medium,Alert Admin,attack
2026-08-13 19:16:22,DDoS_src_30,DDoS,1.15,9,0.32,2.0,50.34,Medium,Alert Admin,attack
2026-08-13 19:16:28,Bot_src_9,Bot,0.25,8,0.8,2.0,43.81,Medium,Alert Admin,attack
2026-08-13 19:16:34,DDoS_src_6,DDoS,0.6,9,0.13,0.0,46.68,Medium,Alert Admin,attack
2026-08-13 19:16:36,DoS_GoldenEye_src_19,DoS GoldenEye,1.59,8,0.14,0.0,41.69,Medium,Alert Admin,attack
2026-08-13 19:16:46,DoS_Slowhttptest_src_1,DoS Slowhttptest,0.74,7,0.46,2.0,37.05,Medium,Alert Admin,attack
2026-08-13 19:16:52,DoS_Slowhttptest_src_15,DoS Slowhttptest,1.09,7,0.78,4.0,40.4,Medium,Alert Admin,attack
2026-08-13 19:16:54,DoS_slowloris_src_18,DoS slowloris,3.07,7,0.4,2.0,42.77,Medium,Alert Admin,attack
2026-08-13 19:17:10,Bot_src_0,Bot,0.37,8,0.61,2.0,43.83,Medium,Alert Admin,attack
2026-08-13 19:17:12,DoS_slowloris_src_16,DoS slowloris,3.07,7,0.35,2.0,42.69,Medium,Alert Admin,attack
2026-08-13 19:17:20,DoS_GoldenEye_src_7,DoS GoldenEye,2.34,8,0.0,0.0,43.36,Medium,Alert Admin,attack
2026-08-13 19:17:24,SSH_Patator_src_8,SSH-Patator,0.41,6,0.14,0.0,28.74,Low,Generate Log,attack
2026-08-13 19:17:28,DoS_Hulk_src_1,DoS Hulk,1.04,8,0.84,2.0,43.36,Medium,Alert Admin,attack
2026-08-13 19:17:38,Bot_src_13,Bot,0.24,8,0.21,0.0,40.93,Medium,Alert Admin,attack
2026-08-13 19:17:50,DDoS_src_8,DDoS,0.7,9,0.02,0.0,46.78,Medium,Alert Admin,attack
2026-08-13 19:17:58,Bot_src_13,Bot,0.25,8,1.16,2.0,44.36,Medium,Alert Admin,attack
2026-08-13 19:18:00,SSH_Patator_src_3,SSH-Patator,0.4,6,0.03,0.0,28.53,Low,Generate Log,attack
2026-08-13 19:18:08,SSH_Patator_src_12,SSH-Patator,0.4,6,0.08,0.0,28.62,Low,Generate Log,attack
2026-08-13 19:18:10,SSH_Patator_src_26,SSH-Patator,0.39,6,0.0,0.0,28.49,Low,Generate Log,attack
2026-08-13 19:18:14,DoS_Slowhttptest_src_2,DoS Slowhttptest,1.61,7,0.08,0.0,36.65,Medium,Alert Admin,attack
2026-08-13 19:18:26,DoS_Hulk_src_9,DoS Hulk,0.77,8,0.02,0.0,39.44,Medium,Alert Admin,attack
2026-08-13 19:18:30,DoS_Slowhttptest_src_3,DoS Slowhttptest,1.61,7,0.18,0.0,36.79,Medium,Alert Admin,attack
2026-08-13 19:18:34,Infiltration_src_2,Infiltration,1.22,9,0.06,0.0,48.15,Medium,Alert Admin,attack
2026-08-13 19:18:36,DoS_Hulk_src_7,DoS Hulk,1.04,8,0.09,0.0,40.25,Medium,Alert Admin,attack
2026-08-13 19:18:38,DoS_GoldenEye_src_12,DoS GoldenEye,1.66,8,0.01,0.0,41.66,Medium,Alert Admin,attack
2026-08-13 19:18:48,DoS_Hulk_src_9,DoS Hulk,0.77,8,0.97,2.0,42.86,Medium,Alert Admin,attack
2026-08-13 19:18:52,DoS_Slowhttptest_src_26,DoS Slowhttptest,1.55,7,0.0,0.0,36.38,Medium,Alert Admin,attack
2026-08-13 19:19:00,DDoS_src_30,DDoS,0.76,9,0.91,2.0,50.27,Medium,Alert Admin,attack
2026-08-13 19:19:02,DoS_Hulk_src_22,DoS Hulk,0.7,8,0.01,0.0,39.26,Medium,Alert Admin,attack
2026-08-13 19:19:04,DoS_Hulk_src_8,DoS Hulk,0.73,8,1.09,4.0,44.96,Medium,Alert Admin,attack
2026-08-13 19:19:16,DoS_GoldenEye_src_9,DoS GoldenEye,2.16,8,0.0,0.0,42.9,Medium,Alert Admin,attack
2026-08-13 19:19:18,DoS_Hulk_src_13,DoS Hulk,0.97,8,0.0,0.0,39.94,Medium,Alert Admin,attack
2026-08-13 19:19:28,DoS_Slowhttptest_src_8,DoS Slowhttptest,1.59,7,0.29,0.0,36.9,Medium,Alert Admin,attack
2026-08-13 19:19:36,DoS_Slowhttptest_src_15,DoS Slowhttptest,0.78,7,1.22,4.0,40.26,Medium,Alert Admin,attack
2026-08-13 19:19:40,DDoS_src_8,DDoS,0.7,9,0.79,2.0,49.93,Medium,Alert Admin,attack
2026-08-13 19:19:46,DoS_GoldenEye_src_31,DoS GoldenEye,1.67,8,0.39,2.0,44.26,Medium,Alert Admin,attack
2026-08-13 19:19:48,DoS_GoldenEye_src_7,DoS GoldenEye,1.7,8,0.71,2.0,44.82,Medium,Alert Admin,attack
2026-08-13 19:19:56,Bot_src_10,Bot,0.24,8,0.0,0.0,40.59,Medium,Alert Admin,attack
2026-08-13 19:20:08,Bot_src_26,Bot,0.21,8,0.01,0.0,40.55,Medium,Alert Admin,attack
2026-08-13 19:20:16,DDoS_src_20,DDoS,1.18,9,0.46,2.0,50.64,Medium,Alert Admin,attack
2026-08-13 19:20:22,DoS_Hulk_src_11,DoS Hulk,0.79,8,0.12,0.0,39.66,Medium,Alert Admin,attack
2026-08-13 19:20:28,DoS_Hulk_src_11,DoS Hulk,2.23,8,1.1,2.0,46.72,Medium,Alert Admin,attack
2026-08-13 19:20:32,DoS_Slowhttptest_src_0,DoS Slowhttptest,1.55,7,0.3,2.0,38.82,Medium,Alert Admin,attack
2026-08-13 19:20:40,SSH_Patator_src_4,SSH-Patator,0.39,6,0.0,0.0,28.47,Low,Generate Log,attack
2026-08-13 19:20:44,DoS_Hulk_src_7,DoS Hulk,0.73,8,0.81,2.0,42.54,Medium,Alert Admin,attack
2026-08-13 19:20:50,DoS_GoldenEye_src_17,DoS GoldenEye,1.04,8,0.67,2.0,43.1,Medium,Alert Admin,attack
2026-08-13 19:20:52,Bot_src_18,Bot,0.24,8,0.0,0.0,40.6,Medium,Alert Admin,attack
2026-08-13 19:20:58,Bot_src_25,Bot,0.24,8,0.04,0.0,40.67,Medium,Alert Admin,attack
2026-08-13 19:21:04,SSH_Patator_src_33,SSH-Patator,0.46,6,0.43,2.0,31.3,Low,Generate Log,attack
2026-08-13 19:21:10,DoS_Hulk_src_26,DoS Hulk,1.07,8,0.49,0.0,40.91,Medium,Alert Admin,attack
2026-08-13 19:21:34,Bot_src_31,Bot,0.23,8,0.0,0.0,40.58,Medium,Alert Admin,attack
2026-08-13 19:21:36,Web_Attack_�_Sql_Injection_src_0,Web Attack - Sql Injection,0.39,6,0.01,0.0,28.49,Low,Generate Log,attack
2026-08-13 19:21:40,DoS_Slowhttptest_src_9,DoS Slowhttptest,1.59,7,0.18,0.0,36.73,Medium,Alert Admin,attack
2026-08-13 19:21:52,DoS_Hulk_src_23,DoS Hulk,0.69,8,0.27,0.0,39.62,Medium,Alert Admin,attack
2026-08-13 19:21:58,DoS_Hulk_src_16,DoS Hulk,0.46,8,0.49,2.0,41.38,Medium,Alert Admin,attack
2026-08-13 19:22:10,DoS_Hulk_src_9,DoS Hulk,0.77,8,1.23,4.0,45.27,Medium,Alert Admin,attack
2026-08-13 19:22:16,DDoS_src_19,DDoS,0.7,9,0.0,0.0,46.75,Medium,Alert Admin,attack
2026-08-13 19:22:22,DoS_Hulk_src_13,DoS Hulk,0.42,8,0.66,2.0,41.54,Medium,Alert Admin,attack
2026-08-13 19:22:28,DoS_GoldenEye_src_0,DoS GoldenEye,0.79,8,0.56,4.0,44.31,Medium,Alert Admin,attack
2026-08-13 19:22:32,DoS_Hulk_src_22,DoS Hulk,0.52,8,0.62,2.0,41.74,Medium,Alert Admin,attack
2026-08-13 19:22:40,DoS_Slowhttptest_src_4,DoS Slowhttptest,1.61,7,0.01,0.0,36.53,Medium,Alert Admin,attack
2026-08-13 19:22:42,DoS_Hulk_src_7,DoS Hulk,0.48,8,1.38,4.0,44.78,Medium,Alert Admin,attack
2026-08-13 19:22:48,DoS_Slowhttptest_src_9,DoS Slowhttptest,1.41,7,1.01,2.0,39.52,Medium,Alert Admin,attack
2026-08-13 19:22:58,DoS_Hulk_src_2,DoS Hulk,1.21,8,0.0,0.0,40.54,Medium,Alert Admin,attack
2026-08-13 19:23:00,DoS_slowloris_src_14,DoS slowloris,0.99,7,0.01,0.0,34.99,Low,Generate Log,attack
2026-08-13 19:23:02,SSH_Patator_src_33,SSH-Patator,0.46,6,1.09,4.0,34.29,Low,Generate Log,attack
2026-08-13 19:23:08,DoS_Hulk_src_21,DoS Hulk,0.72,8,0.68,4.0,44.31,Medium,Alert Admin,attack
2026-08-13 19:23:10,Bot_src_17,Bot,0.25,8,0.02,0.0,40.65,Medium,Alert Admin,attack
2026-08-13 19:23:12,SSH_Patator_src_30,SSH-Patator,0.39,6,0.09,0.0,28.6,Low,Generate Log,attack
2026-08-13 19:23:16,Bot_src_23,Bot,0.25,8,0.0,0.0,40.64,Medium,Alert Admin,attack
2026-08-13 19:23:20,DoS_Hulk_src_14,DoS Hulk,0.76,8,0.64,2.0,42.35,Medium,Alert Admin,attack
2026-08-13 19:23:24,DoS_Slowhttptest_src_28,DoS Slowhttptest,1.08,7,0.07,0.0,35.3,Medium,Alert Admin,attack
2026-08-13 19:23:28,Bot_src_29,Bot,0.25,8,0.01,0.0,40.62,Medium,Alert Admin,attack
2026-08-13 19:23:40,DDoS_src_18,DDoS,0.62,9,0.22,0.0,46.88,Medium,Alert Admin,attack
2026-08-13 19:23:46,DoS_slowloris_src_29,DoS slowloris,1.16,7,0.05,0.0,35.47,Medium,Alert Admin,attack
2026-08-13 19:23:48,DDoS_src_13,DDoS,0.59,9,0.45,0.0,47.16,Medium,Alert Admin,attack
2026-08-13 19:23:50,DDoS_src_4,DDoS,0.61,9,0.24,0.0,46.88,Medium,Alert Admin,attack
2026-08-13 19:23:58,DoS_Hulk_src_23,DoS Hulk,0.76,8,0.95,2.0,42.83,Medium,Alert Admin,attack
2026-08-13 19:24:08,DoS_slowloris_src_16,DoS slowloris,3.07,7,0.51,2.0,42.95,Medium,Alert Admin,attack
2026-08-13 19:24:10,DDoS_src_27,DDoS,1.31,9,0.06,0.0,48.37,Medium,Alert Admin,attack
2026-08-13 19:24:14,SSH_Patator_src_31,SSH-Patator,0.39,6,0.02,0.0,28.5,Low,Generate Log,attack
2026-08-13 19:24:18,DoS_GoldenEye_src_7,DoS GoldenEye,1.05,8,0.92,4.0,45.51,Medium,Alert Admin,attack
2026-08-13 19:24:22,DoS_Hulk_src_12,DoS Hulk,0.76,8,0.45,2.0,42.09,Medium,Alert Admin,attack
2026-08-13 19:24:24,DDoS_src_24,DDoS,1.01,9,0.16,0.0,47.75,Medium,Alert Admin,attack
2026-08-13 19:24:30,DoS_slowloris_src_23,DoS slowloris,0.37,7,0.04,0.0,33.48,Low,Generate Log,attack
2026-08-13 19:24:32,DoS_Slowhttptest_src_4,DoS Slowhttptest,1.61,7,0.78,2.0,39.68,Medium,Alert Admin,attack
2026-08-13 19:24:34,DoS_GoldenEye_src_30,DoS GoldenEye,1.63,8,0.02,0.0,41.61,Medium,Alert Admin,attack
2026-08-13 19:24:38,DoS_Hulk_src_2,DoS Hulk,1.57,8,0.8,2.0,44.61,Medium,Alert Admin,attack
2026-08-13 19:24:42,DoS_Hulk_src_21,DoS Hulk,0.47,8,1.35,4.0,44.71,Medium,Alert Admin,attack
2026-08-13 19:24:56,DoS_Hulk_src_18,DoS Hulk,0.38,8,0.01,0.0,38.47,Medium,Alert Admin,attack
2026-08-13 19:25:00,DoS_GoldenEye_src_30,DoS GoldenEye,1.4,8,0.96,2.0,44.44,Medium,Alert Admin,attack
2026-08-13 19:25:02,DoS_GoldenEye_src_6,DoS GoldenEye,1.59,8,0.0,0.0,41.48,Medium,Alert Admin,attack
2026-08-13 19:25:04,DoS_Hulk_src_18,DoS Hulk,0.62,8,0.99,2.0,42.54,Medium,Alert Admin,attack
2026-08-13 19:25:10,DoS_slowloris_src_29,DoS slowloris,1.16,7,0.86,2.0,38.7,Medium,Alert Admin,attack
2026-08-13 19:25:14,DoS_slowloris_src_13,DoS slowloris,0.99,7,0.06,0.0,35.06,Medium,Alert Admin,attack
2026-08-13 19:25:16,DoS_Hulk_src_32,DoS Hulk,0.73,8,0.12,0.0,39.51,Medium,Alert Admin,attack
2026-08-13 19:25:18,DoS_Hulk_src_4,DoS Hulk,1.46,8,0.06,0.0,41.23,Medium,Alert Admin,attack
2026-08-13 19:25:22,DDoS_src_7,DDoS,0.72,9,0.01,0.0,46.81,Medium,Alert Admin,attack
2026-08-13 19:25:24,DoS_Hulk_src_23,DoS Hulk,0.51,8,1.6,4.0,45.17,Medium,Alert Admin,attack
2026-08-13 19:25:26,DoS_Slowhttptest_src_14,DoS Slowhttptest,1.15,7,0.03,0.0,35.41,Medium,Alert Admin,attack
2026-08-13 19:25:28,DoS_Slowhttptest_src_1,DoS Slowhttptest,1.58,7,0.44,2.0,39.12,Medium,Alert Admin,attack
2026-08-13 19:25:44,DoS_Slowhttptest_src_3,DoS Slowhttptest,1.61,7,0.43,2.0,39.17,Medium,Alert Admin,attack
2026-08-13 19:25:50,DoS_Hulk_src_14,DoS Hulk,1.08,8,1.16,4.0,45.93,Medium,Alert Admin,attack
2026-08-13 19:26:02,DDoS_src_24,DDoS,2.47,9,0.92,2.0,54.56,Medium,Alert Admin,attack
2026-08-13 19:26:10,DDoS_src_6,DDoS,0.7,9,0.3,2.0,49.2,Medium,Alert Admin,attack
2026-08-13 19:26:18,DoS_slowloris_src_30,DoS slowloris,1.4,7,0.09,0.0,36.12,Medium,Alert Admin,attack
2026-08-13 19:26:26,DoS_Hulk_src_0,DoS Hulk,3.13,8,0.03,0.0,45.36,Medium,Alert Admin,attack
2026-08-13 19:26:28,DoS_slowloris_src_14,DoS slowloris,0.99,7,0.62,2.0,37.91,Medium,Alert Admin,attack
2026-08-13 19:26:38,DDoS_src_12,DDoS,0.61,9,0.24,0.0,46.88,Medium,Alert Admin,attack
2026-08-13 19:26:46,DoS_Hulk_src_18,DoS Hulk,0.45,8,1.57,4.0,44.99,Medium,Alert Admin,attack
2026-08-13 19:26:54,DoS_slowloris_src_28,DoS slowloris,1.17,7,0.09,0.0,35.56,Medium,Alert Admin,attack
2026-08-13 19:26:58,DoS_GoldenEye_src_30,DoS GoldenEye,1.07,8,1.49,4.0,46.41,Medium,Alert Admin,attack
2026-08-13 19:27:00,SSH_Patator_src_4,SSH-Patator,0.39,6,0.42,2.0,31.09,Low,Generate Log,attack
2026-08-13 19:27:04,DoS_Hulk_src_25,DoS Hulk,0.72,8,0.15,0.0,39.53,Medium,Alert Admin,attack
2026-08-13 19:27:08,DoS_slowloris_src_12,DoS slowloris,0.89,7,0.09,0.0,34.85,Low,Generate Log,attack
2026-08-13 19:27:16,DoS_GoldenEye_src_23,DoS GoldenEye,0.69,8,0.22,0.0,39.55,Medium,Alert Admin,attack
2026-08-13 19:27:20,DoS_Hulk_src_0,DoS Hulk,1.09,8,0.91,2.0,43.59,Medium,Alert Admin,attack
2026-08-13 19:27:22,DoS_GoldenEye_src_3,DoS GoldenEye,0.9,8,0.06,0.0,39.84,Medium,Alert Admin,attack
2026-08-13 19:27:24,DoS_slowloris_src_17,DoS slowloris,3.07,7,0.2,0.0,40.48,Medium,Alert Admin,attack
2026-08-13 19:27:42,DoS_slowloris_src_14,DoS slowloris,0.99,7,1.37,4.0,41.03,Medium,Alert Admin,attack
2026-08-13 19:27:48,DDoS_src_21,DDoS,0.37,9,0.07,0.0,46.04,Medium,Alert Admin,attack
2026-08-13 19:27:50,Bot_src_25,Bot,0.24,8,0.4,2.0,43.21,Medium,Alert Admin,attack
2026-08-13 19:27:54,Infiltration_src_0,Infiltration,1.06,9,0.0,0.0,47.65,Medium,Alert Admin,attack
2026-08-13 19:27:56,DDoS_src_8,DDoS,0.7,9,0.57,2.0,49.61,Medium,Alert Admin,attack
2026-08-13 19:28:08,DoS_Hulk_src_0,DoS Hulk,2.26,8,1.71,4.0,49.72,Medium,Alert Admin,attack
2026-08-13 19:28:10,Bot_src_23,Bot,0.24,8,0.51,2.0,43.37,Medium,Alert Admin,attack
2026-08-13 19:28:16,DoS_Slowhttptest_src_28,DoS Slowhttptest,0.77,7,0.55,2.0,37.25,Medium,Alert Admin,attack
2026-08-13 19:28:22,DoS_GoldenEye_src_13,DoS GoldenEye,1.42,8,0.0,0.0,41.06,Medium,Alert Admin,attack
2026-08-13 19:28:28,DDoS_src_10,DDoS,1.85,9,0.06,0.0,49.7,Medium,Alert Admin,attack
2026-08-13 19:28:32,DoS_Slowhttptest_src_22,DoS Slowhttptest,1.21,7,0.0,0.0,35.51,Medium,Alert Admin,attack
2026-08-13 19:28:38,DoS_Slowhttptest_src_22,DoS Slowhttptest,1.6,7,0.99,2.0,39.99,Medium,Alert Admin,attack
2026-08-13 19:28:42,DoS_Hulk_src_25,DoS Hulk,0.41,8,0.92,2.0,41.89,Medium,Alert Admin,attack
2026-08-13 19:28:50,SSH_Patator_src_26,SSH-Patator,0.39,6,0.23,0.0,28.83,Low,Generate Log,attack
2026-08-13 19:29:02,DoS_Hulk_src_11,DoS Hulk,0.79,8,0.64,4.0,44.43,Medium,Alert Admin,attack
2026-08-13 19:29:08,DoS_Hulk_src_7,DoS Hulk,0.7,8,0.98,4.0,44.7,Medium,Alert Admin,attack
2026-08-13 19:29:10,DoS_GoldenEye_src_19,DoS GoldenEye,2.42,8,0.2,0.0,43.85,Medium,Alert Admin,attack
2026-08-13 19:29:18,DoS_GoldenEye_src_31,DoS GoldenEye,1.05,8,0.37,2.0,42.67,Medium,Alert Admin,attack
2026-08-13 19:29:32,DoS_Hulk_src_2,DoS Hulk,0.97,8,0.91,4.0,45.28,Medium,Alert Admin,attack
2026-08-13 19:29:48,DoS_GoldenEye_src_2,DoS GoldenEye,2.25,8,0.0,0.0,43.12,Medium,Alert Admin,attack
2026-08-13 19:30:00,DoS_slowloris_src_22,DoS slowloris,1.1,7,0.08,0.0,35.38,Medium,Alert Admin,attack
2026-08-13 19:30:14,DoS_Slowhttptest_src_14,DoS Slowhttptest,1.66,7,0.53,2.0,39.46,Medium,Alert Admin,attack
2026-08-13 19:30:18,DoS_Hulk_src_6,DoS Hulk,0.49,8,0.17,0.0,38.99,Medium,Alert Admin,attack
2026-08-13 19:30:26,DoS_GoldenEye_src_8,DoS GoldenEye,2.18,8,0.0,0.0,42.94,Medium,Alert Admin,attack
2026-08-13 19:30:40,DoS_Hulk_src_18,DoS Hulk,0.45,8,1.5,6.0,46.88,Medium,Alert Admin,attack
2026-08-13 19:30:44,DoS_Hulk_src_7,DoS Hulk,0.48,8,1.58,6.0,47.08,Medium,Alert Admin,attack
2026-08-13 19:30:50,DoS_slowloris_src_30,DoS slowloris,1.4,7,0.58,2.0,38.86,Medium,Alert Admin,attack
2026-08-13 19:30:52,DoS_Hulk_src_19,DoS Hulk,0.46,8,0.01,0.0,38.66,Medium,Alert Admin,attack
2026-08-13 19:31:18,DDoS_src_18,DDoS,0.72,9,0.42,2.0,49.43,Medium,Alert Admin,attack
2026-08-13 19:31:26,DoS_Hulk_src_10,DoS Hulk,0.7,8,0.0,0.0,39.25,Medium,Alert Admin,attack
2026-08-13 19:31:44,DoS_slowloris_src_17,DoS slowloris,3.07,7,0.66,2.0,43.17,Medium,Alert Admin,attack
2026-08-13 19:31:56,DoS_Hulk_src_0,DoS Hulk,0.51,8,1.6,6.0,47.17,Medium,Alert Admin,attack
2026-08-13 19:32:00,Bot_src_31,Bot,0.24,8,0.24,0.0,40.94,Medium,Alert Admin,attack
2026-08-13 19:32:06,DoS_GoldenEye_src_12,DoS GoldenEye,0.86,8,0.16,0.0,39.89,Medium,Alert Admin,attack
2026-08-13 19:32:14,DoS_GoldenEye_src_18,DoS GoldenEye,0.82,8,0.0,0.0,39.55,Medium,Alert Admin,attack
2026-08-13 19:32:16,DoS_Hulk_src_5,DoS Hulk,0.47,8,0.02,0.0,38.71,Medium,Alert Admin,attack
2026-08-13 19:32:36,DDoS_src_2,DDoS,0.71,9,0.01,0.0,46.8,Medium,Alert Admin,attack
2026-08-13 19:32:38,DDoS_src_22,DDoS,1.45,9,0.0,0.0,48.63,Medium,Alert Admin,attack
2026-08-13 19:32:40,DoS_Hulk_src_10,DoS Hulk,0.7,8,0.85,2.0,42.51,Medium,Alert Admin,attack
2026-08-13 19:32:48,DDoS_src_0,DDoS,4.61,9,0.12,0.0,56.71,Medium,Alert Admin,attack
2026-08-13 19:32:50,DoS_GoldenEye_src_33,DoS GoldenEye,1.02,8,0.0,0.0,40.06,Medium,Alert Admin,attack
2026-08-13 19:33:06,DoS_Hulk_src_28,DoS Hulk,0.41,8,0.07,0.0,38.64,Medium,Alert Admin,attack
2026-08-13 19:33:10,DoS_GoldenEye_src_25,DoS GoldenEye,1.39,8,0.0,0.0,40.97,Medium,Alert Admin,attack
2026-08-13 19:33:14,DDoS_src_31,DDoS,1.86,9,0.0,0.0,49.66,Medium,Alert Admin,attack
2026-08-13 19:33:32,DoS_GoldenEye_src_30,DoS GoldenEye,1.65,8,1.0,6.0,49.14,Medium,Alert Admin,attack
2026-08-13 19:33:42,DoS_Hulk_src_27,DoS Hulk,0.67,8,0.11,0.0,39.34,Medium,Alert Admin,attack
2026-08-13 19:33:48,DoS_GoldenEye_src_5,DoS GoldenEye,1.37,8,0.0,0.0,40.92,Medium,Alert Admin,attack
2026-08-13 19:33:52,SSH_Patator_src_14,SSH-Patator,0.43,6,0.01,0.0,28.6,Low,Generate Log,attack
2026-08-13 19:33:54,DoS_Slowhttptest_src_3,DoS Slowhttptest,1.61,7,0.46,2.0,39.22,Medium,Alert Admin,attack
2026-08-13 19:34:22,DoS_Hulk_src_32,DoS Hulk,0.45,8,0.32,2.0,41.11,Medium,Alert Admin,attack
2026-08-13 19:34:24,DoS_Slowhttptest_src_8,DoS Slowhttptest,1.58,7,0.16,0.0,36.7,Medium,Alert Admin,attack
2026-08-13 19:34:42,DoS_Hulk_src_23,DoS Hulk,0.76,8,0.72,2.0,42.48,Medium,Alert Admin,attack
2026-08-13 19:34:44,SSH_Patator_src_29,SSH-Patator,0.41,6,0.06,0.0,28.61,Low,Generate Log,attack
2026-08-13 19:34:50,DoS_Hulk_src_29,DoS Hulk,0.94,8,0.01,0.0,39.88,Medium,Alert Admin,attack
2026-08-13 19:34:52,DoS_GoldenEye_src_25,DoS GoldenEye,1.06,8,0.79,2.0,43.34,Medium,Alert Admin,attack
2026-08-13 19:34:58,SSH_Patator_src_3,SSH-Patator,0.4,6,0.1,0.0,28.64,Low,Generate Log,attack
2026-08-13 19:35:00,DoS_GoldenEye_src_23,DoS GoldenEye,1.08,8,0.42,2.0,42.83,Medium,Alert Admin,attack
2026-08-13 19:35:02,DoS_GoldenEye_src_20,DoS GoldenEye,1.62,8,0.0,0.0,41.55,Medium,Alert Admin,attack
2026-08-13 19:35:06,SSH_Patator_src_6,SSH-Patator,0.39,6,0.0,0.0,28.48,Low,Generate Log,attack
2026-08-13 19:35:08,DoS_GoldenEye_src_25,DoS GoldenEye,2.21,8,1.73,4.0,49.61,Medium,Alert Admin,attack
2026-08-13 19:35:22,SSH_Patator_src_24,SSH-Patator,0.39,6,0.01,0.0,28.48,Low,Generate Log,attack
2026-08-13 19:35:34,DoS_Hulk_src_16,DoS Hulk,0.93,8,0.23,0.0,40.16,Medium,Alert Admin,attack
2026-08-13 19:35:38,DoS_Hulk_src_8,DoS Hulk,1.87,8,0.21,0.0,42.49,Medium,Alert Admin,attack
2026-08-13 19:35:46,DoS_Slowhttptest_src_28,DoS Slowhttptest,0.77,7,0.55,2.0,37.24,Medium,Alert Admin,attack
2026-08-13 19:35:48,DoS_slowloris_src_28,DoS slowloris,0.22,7,0.32,2.0,35.53,Medium,Alert Admin,attack
2026-08-13 19:35:56,Bot_src_15,Bot,0.23,8,0.01,0.0,40.58,Medium,Alert Admin,attack
2026-08-13 19:35:58,SSH_Patator_src_29,SSH-Patator,0.4,6,0.9,2.0,31.86,Low,Generate Log,attack
2026-08-13 19:36:12,DoS_Hulk_src_24,DoS Hulk,0.68,8,0.07,0.0,39.3,Medium,Alert Admin,attack
2026-08-13 19:36:16,DoS_Slowhttptest_src_14,DoS Slowhttptest,1.15,7,0.66,2.0,38.36,Medium,Alert Admin,attack
2026-08-13 19:36:24,SSH_Patator_src_22,SSH-Patator,0.41,6,0.04,0.0,28.59,Low,Generate Log,attack
2026-08-13 19:36:34,SSH_Patator_src_25,SSH-Patator,0.39,6,0.0,0.0,28.47,Low,Generate Log,attack
2026-08-13 19:36:54,DDoS_src_8,DDoS,0.69,9,0.45,2.0,49.41,Medium,Alert Admin,attack
2026-08-13 19:36:58,DoS_Hulk_src_17,DoS Hulk,0.52,8,0.01,0.0,38.8,Medium,Alert Admin,attack
2026-08-13 19:37:00,DDoS_src_4,DDoS,0.61,9,0.2,0.0,46.82,Medium,Alert Admin,attack
2026-08-13 19:37:06,DoS_slowloris_src_32,DoS slowloris,1.27,7,0.01,0.0,35.69,Medium,Alert Admin,attack
2026-08-13 19:37:12,DoS_GoldenEye_src_27,DoS GoldenEye,1.05,8,0.02,0.0,40.16,Medium,Alert Admin,attack
2026-08-13 19:37:14,DoS_Hulk_src_32,DoS Hulk,1.04,8,0.89,2.0,43.42,Medium,Alert Admin,attack
2026-08-13 19:37:16,DoS_slowloris_src_18,DoS slowloris,3.07,7,0.08,0.0,40.31,Medium,Alert Admin,attack
2026-08-13 19:37:20,Bot_src_28,Bot,0.24,8,0.0,0.0,40.59,Medium,Alert Admin,attack
2026-08-13 19:37:30,Bot_src_11,Bot,0.22,8,0.01,0.0,40.55,Medium,Alert Admin,attack
2026-08-13 19:37:42,DoS_slowloris_src_32,DoS slowloris,1.27,7,0.93,2.0,39.07,Medium,Alert Admin,attack
2026-08-13 19:37:52,DoS_Slowhttptest_src_3,DoS Slowhttptest,1.61,7,0.84,2.0,39.79,Medium,Alert Admin,attack
2026-08-13 19:37:54,DoS_Slowhttptest_src_6,DoS Slowhttptest,1.6,7,0.0,0.0,36.51,Medium,Alert Admin,attack
2026-08-13 19:37:56,Bot_src_8,Bot,0.25,8,0.03,0.0,40.67,Medium,Alert Admin,attack
2026-08-13 19:37:58,DoS_GoldenEye_src_31,DoS GoldenEye,1.7,8,0.41,2.0,44.37,Medium,Alert Admin,attack
2026-08-13 19:38:00,DoS_Slowhttptest_src_7,DoS Slowhttptest,1.59,7,0.01,0.0,36.49,Medium,Alert Admin,attack
2026-08-13 19:38:04,DoS_GoldenEye_src_20,DoS GoldenEye,0.84,8,0.66,2.0,42.59,Medium,Alert Admin,attack
2026-08-13 19:38:12,Infiltration_src_1,Infiltration,0.93,9,0.02,0.0,47.37,Medium,Alert Admin,attack
2026-08-13 19:38:16,DoS_Slowhttptest_src_1,DoS Slowhttptest,1.58,7,0.24,0.0,36.82,Medium,Alert Admin,attack
2026-08-13 19:38:22,DoS_slowloris_src_19,DoS slowloris,2.8,7,0.04,0.0,39.56,Medium,Alert Admin,attack
2026-08-13 19:38:34,DoS_Slowhttptest_src_4,DoS Slowhttptest,1.61,7,0.25,0.0,36.9,Medium,Alert Admin,attack
2026-08-13 19:38:36,DoS_Hulk_src_8,DoS Hulk,1.87,8,0.8,2.0,45.39,Medium,Alert Admin,attack
2026-08-13 19:38:42,Bot_src_5,Bot,0.24,8,0.06,0.0,40.68,Medium,Alert Admin,attack
2026-08-13 19:38:46,DDoS_src_1,DDoS,0.6,9,0.01,0.0,46.52,Medium,Alert Admin,attack
2026-08-13 19:38:50,DoS_Hulk_src_6,DoS Hulk,0.43,8,0.36,2.0,41.12,Medium,Alert Admin,attack
2026-08-13 19:38:56,PortScan_src_20,PortScan,0.64,4,0.0,0.0,19.1,Low,Generate Log,attack
2026-08-13 19:39:00,DoS_Slowhttptest_src_4,DoS Slowhttptest,1.61,7,1.18,2.0,40.29,Medium,Alert Admin,attack
2026-08-13 19:39:04,Bot_src_22,Bot,0.39,8,0.02,0.0,41.0,Medium,Alert Admin,attack
2026-08-13 19:39:08,DoS_slowloris_src_16,DoS slowloris,3.07,7,0.19,0.0,40.46,Medium,Alert Admin,attack
2026-08-13 19:39:12,DoS_Slowhttptest_src_2,DoS Slowhttptest,1.61,7,0.06,0.0,36.61,Medium,Alert Admin,attack
2026-08-13 19:39:16,DoS_Hulk_src_10,DoS Hulk,0.7,8,0.74,4.0,44.35,Medium,Alert Admin,attack
2026-08-13 19:39:20,DoS_Hulk_src_3,DoS Hulk,0.42,8,0.0,0.0,38.56,Medium,Alert Admin,attack
2026-08-13 19:39:24,PortScan_src_26,PortScan,0.58,4,0.0,0.0,18.95,Low,Generate Log,attack
2026-08-13 19:39:26,DoS_Hulk_src_20,DoS Hulk,1.17,8,0.03,0.0,40.48,Medium,Alert Admin,attack
2026-08-13 19:39:30,DoS_Slowhttptest_src_8,DoS Slowhttptest,1.58,7,0.57,2.0,39.32,Medium,Alert Admin,attack
2026-08-13 19:39:34,DoS_Slowhttptest_src_28,DoS Slowhttptest,1.08,7,0.91,2.0,38.56,Medium,Alert Admin,attack
2026-08-13 19:39:36,SSH_Patator_src_17,SSH-Patator,0.39,6,0.0,0.0,28.47,Low,Generate Log,attack
2026-08-13 19:39:42,DDoS_src_5,DDoS,0.59,9,0.0,0.0,46.49,Medium,Alert Admin,attack
2026-08-13 19:39:44,DDoS_src_20,DDoS,3.0,9,0.1,0.0,52.66,Medium,Alert Admin,attack
2026-08-13 19:39:48,DoS_Hulk_src_4,DoS Hulk,0.31,8,0.14,0.0,38.48,Medium,Alert Admin,attack
2026-08-13 19:39:50,DoS_Slowhttptest_src_5,DoS Slowhttptest,1.61,7,0.01,0.0,36.53,Medium,Alert Admin,attack
2026-08-13 19:39:58,DoS_Slowhttptest_src_2,DoS Slowhttptest,1.61,7,0.95,2.0,39.95,Medium,Alert Admin,attack
2026-08-13 19:40:00,DoS_slowloris_src_29,DoS slowloris,1.16,7,0.24,0.0,35.76,Medium,Alert Admin,attack
2026-08-13 19:40:02,DoS_GoldenEye_src_24,DoS GoldenEye,0.97,8,0.0,0.0,39.94,Medium,Alert Admin,attack
2026-08-13 19:40:06,DDoS_src_13,DDoS,0.59,9,0.15,0.0,46.7,Medium,Alert Admin,attack
2026-08-13 19:40:08,SSH_Patator_src_2,SSH-Patator,0.38,6,0.0,0.0,28.45,Low,Generate Log,attack
2026-08-13 19:40:16,DoS_Slowhttptest_src_27,DoS Slowhttptest,1.1,7,0.03,0.0,35.31,Medium,Alert Admin,attack
2026-08-13 19:40:20,DoS_Hulk_src_23,DoS Hulk,0.51,8,0.79,2.0,41.96,Medium,Alert Admin,attack
2026-08-13 19:40:24,Infiltration_src_0,Infiltration,4.44,9,0.18,0.0,56.37,Medium,Alert Admin,attack
2026-08-13 19:40:34,Bot_src_17,Bot,0.24,8,0.09,0.0,40.74,Medium,Alert Admin,attack
2026-08-13 19:40:36,DoS_Hulk_src_22,DoS Hulk,0.77,8,0.13,0.0,39.63,Medium,Alert Admin,attack
2026-08-13 19:40:38,DDoS_src_17,DDoS,2.95,9,0.03,0.0,52.41,Medium,Alert Admin,attack
2026-08-13 19:40:40,DoS_slowloris_src_29,DoS slowloris,0.43,7,1.13,2.0,37.26,Medium,Alert Admin,attack
2026-08-13 19:40:44,DoS_Hulk_src_17,DoS Hulk,0.52,8,0.6,2.0,41.69,Medium,Alert Admin,attack
2026-08-13 19:40:46,DoS_Hulk_src_2,DoS Hulk,1.05,8,0.4,0.0,40.74,Medium,Alert Admin,attack
2026-08-13 19:40:58,PortScan_src_26,PortScan,0.84,4,0.8,2.0,22.8,Low,Generate Log,attack
2026-08-13 19:41:10,DoS_Slowhttptest_src_6,DoS Slowhttptest,1.59,7,0.64,2.0,39.42,Medium,Alert Admin,attack
2026-08-13 19:41:12,DoS_Hulk_src_28,DoS Hulk,0.96,8,0.35,2.0,42.42,Medium,Alert Admin,attack
2026-08-13 19:41:18,SSH_Patator_src_17,SSH-Patator,0.39,6,0.79,2.0,31.67,Low,Generate Log,attack
2026-08-13 19:41:20,DDoS_src_20,DDoS,1.01,9,0.88,2.0,50.84,Medium,Alert Admin,attack
2026-08-13 19:41:22,SSH_Patator_src_6,SSH-Patator,0.39,6,0.42,2.0,31.11,Low,Generate Log,attack
2026-08-13 19:41:26,DoS_Hulk_src_2,DoS Hulk,1.05,8,1.28,2.0,44.05,Medium,Alert Admin,attack
2026-08-13 19:41:46,DoS_slowloris_src_17,DoS slowloris,3.07,7,0.41,0.0,40.8,Medium,Alert Admin,attack
2026-08-13 19:41:50,DDoS_src_27,DDoS,0.15,9,0.09,0.0,45.5,Medium,Alert Admin,attack
2026-08-13 19:41:58,DoS_slowloris_src_33,DoS slowloris,1.11,7,0.0,0.0,35.28,Medium,Alert Admin,attack
2026-08-13 19:42:10,Bot_src_11,Bot,0.24,8,0.53,2.0,43.38,Medium,Alert Admin,attack
2026-08-13 19:42:12,DoS_slowloris_src_20,DoS slowloris,0.74,7,0.01,0.0,34.36,Low,Generate Log,attack
2026-08-13 19:42:16,DDoS_src_20,DDoS,0.84,9,1.65,4.0,53.58,Medium,Alert Admin,attack
2026-08-13 19:42:22,DoS_slowloris_src_15,DoS slowloris,0.99,7,0.01,0.0,34.99,Low,Generate Log,attack
2026-08-13 19:42:30,DoS_GoldenEye_src_23,DoS GoldenEye,1.56,8,0.5,2.0,44.16,Medium,Alert Admin,attack
2026-08-13 19:42:38,DoS_Hulk_src_11,DoS Hulk,0.54,8,0.25,0.0,39.22,Medium,Alert Admin,attack
2026-08-13 19:42:52,DoS_Hulk_src_0,DoS Hulk,0.88,8,0.57,0.0,40.56,Medium,Alert Admin,attack
2026-08-13 19:43:02,SSH_Patator_src_24,SSH-Patator,0.39,6,0.35,2.0,30.99,Low,Generate Log,attack
2026-08-13 19:43:04,DoS_Slowhttptest_src_8,DoS Slowhttptest,1.58,7,0.96,4.0,41.9,Medium,Alert Admin,attack
2026-08-13 19:43:14,DoS_Slowhttptest_src_8,DoS Slowhttptest,1.58,7,1.91,6.0,45.33,Medium,Alert Admin,attack
2026-08-13 19:43:18,Bot_src_33,Bot,0.21,8,0.0,0.0,40.53,Medium,Alert Admin,attack
2026-08-13 19:43:30,Bot_src_11,Bot,0.24,8,1.27,4.0,46.5,Medium,Alert Admin,attack
2026-08-13 19:43:32,DoS_GoldenEye_src_19,DoS GoldenEye,1.15,8,0.16,0.0,40.63,Medium,Alert Admin,attack
2026-08-13 19:43:34,Bot_src_5,Bot,0.24,8,0.54,2.0,43.41,Medium,Alert Admin,attack
2026-08-13 19:43:38,Bot_src_4,Bot,0.4,8,0.02,0.0,41.04,Medium,Alert Admin,attack
2026-08-13 19:43:44,DoS_GoldenEye_src_22,DoS GoldenEye,2.19,8,0.02,0.0,42.99,Medium,Alert Admin,attack
2026-08-13 19:43:48,DoS_Hulk_src_7,DoS Hulk,0.43,8,0.42,0.0,39.21,Medium,Alert Admin,attack
2026-08-13 19:43:52,DoS_Hulk_src_22,DoS Hulk,0.77,8,0.72,2.0,42.51,Medium,Alert Admin,attack
2026-08-13 19:43:58,Bot_src_13,Bot,7.95,8,0.06,0.0,59.96,Medium,Alert Admin,attack
2026-08-13 19:44:04,DoS_GoldenEye_src_24,DoS GoldenEye,0.85,8,0.57,2.0,42.49,Medium,Alert Admin,attack
2026-08-13 19:44:06,DoS_Hulk_src_0,DoS Hulk,2.27,8,1.32,2.0,47.16,Medium,Alert Admin,attack
2026-08-13 19:44:22,DoS_Hulk_src_31,DoS Hulk,0.68,8,0.0,0.0,39.21,Medium,Alert Admin,attack
2026-08-13 19:44:32,DoS_Hulk_src_16,DoS Hulk,0.7,8,0.35,2.0,41.79,Medium,Alert Admin,attack
2026-08-13 19:44:38,SSH_Patator_src_22,SSH-Patator,0.41,6,0.33,2.0,31.02,Low,Generate Log,attack
2026-08-13 19:44:40,SSH_Patator_src_22,SSH-Patator,0.41,6,1.33,4.0,34.51,Low,Generate Log,attack
2026-08-13 19:44:50,DoS_Slowhttptest_src_1,DoS Slowhttptest,1.58,7,0.5,2.0,39.21,Medium,Alert Admin,attack
2026-08-13 19:44:54,DoS_Hulk_src_1,DoS Hulk,0.48,8,0.04,0.0,38.76,Medium,Alert Admin,attack
2026-08-13 19:45:02,DoS_Slowhttptest_src_1,DoS Slowhttptest,1.58,7,1.46,4.0,42.65,Medium,Alert Admin,attack
2026-08-13 19:45:22,Bot_src_21,Bot,0.24,8,0.0,0.0,40.6,Medium,Alert Admin,attack
2026-08-13 19:45:36,DoS_GoldenEye_src_12,DoS GoldenEye,1.04,8,0.18,0.0,40.37,Medium,Alert Admin,attack
2026-08-13 19:45:38,SSH_Patator_src_15,SSH-Patator,0.01,6,0.0,0.0,27.53,Low,Generate Log,attack
2026-08-13 19:45:46,DoS_Slowhttptest_src_14,DoS Slowhttptest,1.11,7,0.45,2.0,37.94,Medium,Alert Admin,attack
2026-08-13 19:46:00,DoS_Hulk_src_14,DoS Hulk,0.51,8,0.13,0.0,38.98,Medium,Alert Admin,attack
2026-08-13 19:46:08,Bot_src_20,Bot,0.23,8,0.01,0.0,40.59,Medium,Alert Admin,attack
2026-08-13 19:46:14,DoS_Slowhttptest_src_15,DoS Slowhttptest,1.09,7,0.06,0.0,35.31,Medium,Alert Admin,attack
2026-08-13 19:46:22,DDoS_src_5,DDoS,0.59,9,0.4,2.0,49.08,Medium,Alert Admin,attack
2026-08-13 19:46:26,DoS_Slowhttptest_src_28,DoS Slowhttptest,0.77,7,0.74,2.0,37.53,Medium,Alert Admin,attack
2026-08-13 19:46:34,DDoS_src_2,DDoS,0.61,9,0.15,0.0,46.75,Medium,Alert Admin,attack
2026-08-13 19:46:36,SSH_Patator_src_2,SSH-Patator,0.39,6,0.41,2.0,31.08,Low,Generate Log,attack
2026-08-13 19:46:38,SSH_Patator_src_4,SSH-Patator,0.39,6,0.09,0.0,28.61,Low,Generate Log,attack
2026-08-13 19:46:42,DoS_Slowhttptest_src_0,DoS Slowhttptest,1.55,7,0.03,0.0,36.42,Medium,Alert Admin,attack
2026-08-13 19:46:44,DoS_Hulk_src_19,DoS Hulk,0.76,8,0.11,0.0,39.56,Medium,Alert Admin,attack
2026-08-13 19:46:46,DoS_Hulk_src_30,DoS Hulk,0.46,8,0.0,0.0,38.66,Medium,Alert Admin,attack
2026-08-13 19:46:52,DoS_Slowhttptest_src_14,DoS Slowhttptest,1.11,7,1.24,2.0,39.13,Medium,Alert Admin,attack
2026-08-13 19:46:54,Bot_src_26,Bot,0.23,8,0.02,0.0,40.6,Medium,Alert Admin,attack
2026-08-13 19:46:56,DoS_slowloris_src_30,DoS slowloris,1.4,7,0.17,0.0,36.25,Medium,Alert Admin,attack
2026-08-13 19:47:14,DoS_Hulk_src_12,DoS Hulk,1.25,8,0.06,0.0,40.71,Medium,Alert Admin,attack
2026-08-13 19:47:22,DoS_Slowhttptest_src_9,DoS Slowhttptest,1.59,7,0.07,0.0,36.56,Medium,Alert Admin,attack
2026-08-13 19:47:26,DoS_Hulk_src_9,DoS Hulk,0.77,8,0.07,0.0,39.52,Medium,Alert Admin,attack
2026-08-13 19:47:48,DoS_slowloris_src_16,DoS slowloris,3.07,7,0.36,2.0,42.71,Medium,Alert Admin,attack
2026-08-13 19:47:52,DoS_Hulk_src_10,DoS Hulk,0.38,8,0.53,2.0,41.25,Medium,Alert Admin,attack
2026-08-13 19:48:00,SSH_Patator_src_24,SSH-Patator,0.38,6,0.68,2.0,31.47,Low,Generate Log,attack
2026-08-13 19:48:04,DoS_GoldenEye_src_0,DoS GoldenEye,0.81,8,0.04,0.0,39.59,Medium,Alert Admin,attack
2026-08-13 19:48:18,DoS_GoldenEye_src_13,DoS GoldenEye,1.66,8,0.06,0.0,41.75,Medium,Alert Admin,attack
2026-08-13 19:48:22,SSH_Patator_src_6,SSH-Patator,0.39,6,0.54,2.0,31.29,Low,Generate Log,attack
2026-08-13 19:48:26,DoS_slowloris_src_12,DoS slowloris,0.34,7,0.06,0.0,33.45,Low,Generate Log,attack
2026-08-13 19:48:28,DoS_GoldenEye_src_6,DoS GoldenEye,1.6,8,0.04,0.0,41.57,Medium,Alert Admin,attack
2026-08-13 19:48:36,DoS_Slowhttptest_src_0,DoS Slowhttptest,1.55,7,0.8,2.0,39.56,Medium,Alert Admin,attack
2026-08-13 19:48:38,DoS_slowloris_src_13,DoS slowloris,0.99,7,0.04,0.0,35.03,Medium,Alert Admin,attack
2026-08-13 19:48:42,SSH_Patator_src_10,SSH-Patator,0.39,6,0.0,0.0,28.48,Low,Generate Log,attack
2026-08-13 19:48:56,DoS_Slowhttptest_src_14,DoS Slowhttptest,1.11,7,1.68,4.0,41.79,Medium,Alert Admin,attack
2026-08-13 19:49:00,Bot_src_8,Bot,0.25,8,0.22,0.0,40.95,Medium,Alert Admin,attack
2026-08-13 19:49:04,Bot_src_21,Bot,0.23,8,0.6,2.0,43.48,Medium,Alert Admin,attack
2026-08-13 19:49:20,PortScan_src_17,PortScan,0.57,4,0.0,0.0,18.93,Low,Generate Log,attack
2026-08-13 19:49:28,DoS_GoldenEye_src_13,DoS GoldenEye,2.1,8,0.9,2.0,46.11,Medium,Alert Admin,attack
2026-08-13 19:49:32,DoS_Hulk_src_10,DoS Hulk,0.62,8,1.21,2.0,42.87,Medium,Alert Admin,attack
2026-08-13 19:49:36,DoS_Hulk_src_13,DoS Hulk,0.35,8,0.04,0.0,38.44,Medium,Alert Admin,attack
2026-08-13 19:49:42,Bot_src_20,Bot,0.23,8,0.61,2.0,43.51,Medium,Alert Admin,attack
2026-08-13 19:49:46,DoS_Slowhttptest_src_2,DoS Slowhttptest,1.61,7,0.5,2.0,39.28,Medium,Alert Admin,attack
2026-08-13 19:49:58,PortScan_src_32,PortScan,0.65,4,0.0,0.0,19.13,Low,Generate Log,attack
2026-08-13 19:50:02,Heartbleed_src_0,Heartbleed,3.02,9,0.0,0.0,52.56,Medium,Alert Admin,attack
2026-08-13 19:50:04,DDoS_src_9,DDoS,1.16,9,0.0,0.0,47.89,Medium,Alert Admin,attack
2026-08-13 19:50:24,Bot_src_22,Bot,0.25,8,0.21,0.0,40.93,Medium,Alert Admin,attack
2026-08-13 19:50:26,SSH_Patator_src_10,SSH-Patator,0.39,6,0.79,2.0,31.67,Low,Generate Log,attack
2026-08-13 19:50:32,DDoS_src_20,DDoS,1.66,9,0.84,4.0,54.42,Medium,Alert Admin,attack
2026-08-13 19:50:40,DoS_slowloris_src_12,DoS slowloris,0.34,7,0.78,2.0,36.53,Medium,Alert Admin,attack
2026-08-13 19:50:46,SSH_Patator_src_23,SSH-Patator,0.39,6,0.0,0.0,28.49,Low,Generate Log,attack
2026-08-13 19:50:50,DoS_slowloris_src_9,DoS slowloris,2.43,7,0.0,0.0,38.57,Medium,Alert Admin,attack
2026-08-13 19:50:52,DoS_Hulk_src_27,DoS Hulk,0.69,8,0.1,0.0,39.39,Medium,Alert Admin,attack
2026-08-13 19:50:54,DoS_Slowhttptest_src_28,DoS Slowhttptest,1.08,7,0.94,2.0,38.6,Medium,Alert Admin,attack
2026-08-13 19:51:06,DoS_slowloris_src_14,DoS slowloris,0.99,7,0.09,0.0,35.11,Medium,Alert Admin,attack
2026-08-13 19:51:12,DoS_Slowhttptest_src_4,DoS Slowhttptest,1.61,7,0.4,0.0,37.12,Medium,Alert Admin,attack
2026-08-13 19:51:22,DoS_Hulk_src_6,DoS Hulk,0.44,8,0.24,0.0,38.96,Medium,Alert Admin,attack
2026-08-13 19:51:34,DoS_Slowhttptest_src_8,DoS Slowhttptest,1.59,7,0.92,4.0,41.84,Medium,Alert Admin,attack
2026-08-13 19:51:44,DoS_Slowhttptest_src_22,DoS Slowhttptest,1.21,7,0.08,0.0,35.63,Medium,Alert Admin,attack
2026-08-13 19:51:52,DoS_Slowhttptest_src_26,DoS Slowhttptest,1.55,7,0.01,0.0,36.39,Medium,Alert Admin,attack
2026-08-13 19:51:54,SSH_Patator_src_25,SSH-Patator,0.39,6,0.12,0.0,28.65,Low,Generate Log,attack
2026-08-13 19:51:56,DoS_slowloris_src_14,DoS slowloris,0.99,7,0.97,2.0,38.43,Medium,Alert Admin,attack
2026-08-13 19:52:00,DoS_Hulk_src_21,DoS Hulk,0.72,8,0.05,0.0,39.37,Medium,Alert Admin,attack
2026-08-13 19:52:12,DoS_Hulk_src_24,DoS Hulk,0.7,8,0.12,0.0,39.44,Medium,Alert Admin,attack
2026-08-13 19:52:14,DoS_GoldenEye_src_22,DoS GoldenEye,1.64,8,0.31,2.0,44.07,Medium,Alert Admin,attack
2026-08-13 19:52:24,DoS_Slowhttptest_src_4,DoS Slowhttptest,1.61,7,1.19,2.0,40.3,Medium,Alert Admin,attack
2026-08-13 19:52:28,SSH_Patator_src_23,SSH-Patator,0.39,6,0.79,2.0,31.67,Low,Generate Log,attack
2026-08-13 19:52:32,DoS_Slowhttptest_src_15,DoS Slowhttptest,0.78,7,0.44,2.0,37.1,Medium,Alert Admin,attack
2026-08-13 19:52:38,Bot_src_27,Bot,0.25,8,0.0,0.0,40.62,Medium,Alert Admin,attack
2026-08-13 19:52:44,DDoS_src_6,DDoS,0.95,9,0.03,0.0,47.42,Medium,Alert Admin,attack
2026-08-13 19:52:46,DoS_Hulk_src_3,DoS Hulk,0.72,8,0.16,0.0,39.54,Medium,Alert Admin,attack
2026-08-13 19:52:48,DDoS_src_28,DDoS,2.97,9,0.0,0.0,52.43,Medium,Alert Admin,attack
2026-08-13 19:52:52,DoS_Hulk_src_23,DoS Hulk,0.76,8,0.31,0.0,39.88,Medium,Alert Admin,attack
2026-08-13 19:53:08,DoS_slowloris_src_12,DoS slowloris,0.89,7,1.26,4.0,40.61,Medium,Alert Admin,attack
2026-08-13 19:53:10,DDoS_src_15,DDoS,1.83,9,0.0,0.0,49.58,Medium,Alert Admin,attack
2026-08-13 19:53:12,SSH_Patator_src_14,SSH-Patator,0.45,6,0.07,0.0,28.74,Low,Generate Log,attack
2026-08-13 19:53:14,DoS_GoldenEye_src_27,DoS GoldenEye,1.52,8,0.11,0.0,41.45,Medium,Alert Admin,attack
2026-08-13 19:53:16,DoS_Slowhttptest_src_6,DoS Slowhttptest,1.6,7,0.31,0.0,36.97,Medium,Alert Admin,attack
2026-08-13 19:53:24,DDoS_src_9,DDoS,0.63,9,0.63,2.0,49.53,Medium,Alert Admin,attack
2026-08-13 19:53:40,Bot_src_22,Bot,0.47,8,0.77,2.0,44.34,Medium,Alert Admin,attack
2026-08-13 19:53:44,SSH_Patator_src_29,SSH-Patator,0.41,6,0.16,0.0,28.76,Low,Generate Log,attack
2026-08-13 19:53:46,SSH_Patator_src_19,SSH-Patator,0.4,6,0.0,0.0,28.49,Low,Generate Log,attack
2026-08-13 19:53:48,DoS_GoldenEye_src_12,DoS GoldenEye,2.34,8,0.38,2.0,45.91,Medium,Alert Admin,attack
2026-08-13 19:53:56,DoS_Hulk_src_11,DoS Hulk,0.79,8,0.26,0.0,39.87,Medium,Alert Admin,attack
2026-08-13 19:54:02,Bot_src_20,Bot,0.24,8,0.89,4.0,45.92,Medium,Alert Admin,attack
2026-08-13 19:54:10,SSH_Patator_src_26,SSH-Patator,0.39,6,0.04,0.0,28.54,Low,Generate Log,attack
2026-08-13 19:54:14,Infiltration_src_1,SSH-Patator,0.42,6,0.11,0.0,28.72,Low,Generate Log,attack
2026-08-13 19:54:22,DoS_Hulk_src_3,DoS Hulk,0.79,8,0.93,2.0,42.87,Medium,Alert Admin,attack
2026-08-13 19:54:26,SSH_Patator_src_22,SSH-Patator,0.41,6,0.6,4.0,33.43,Low,Generate Log,attack
2026-08-13 19:54:30,Infiltration_src_1,Infiltration,0.27,9,1.07,2.0,49.28,Medium,Alert Admin,attack
2026-08-13 19:54:34,DoS_slowloris_src_12,DoS slowloris,0.34,7,1.85,6.0,42.14,Medium,Alert Admin,attack
2026-08-13 19:54:36,DoS_Slowhttptest_src_9,DoS Slowhttptest,1.41,7,0.39,2.0,38.6,Medium,Alert Admin,attack
2026-08-13 19:54:38,DoS_slowloris_src_16,DoS slowloris,3.07,7,0.53,2.0,42.96,Medium,Alert Admin,attack
2026-08-13 19:54:42,DoS_slowloris_src_27,DoS slowloris,0.43,7,0.0,0.0,33.57,Low,Generate Log,attack
2026-08-13 19:54:46,DDoS_src_13,DDoS,0.69,9,0.15,0.0,46.94,Medium,Alert Admin,attack
2026-08-13 19:54:54,DoS_GoldenEye_src_23,DoS GoldenEye,1.3,8,0.27,0.0,41.16,Medium,Alert Admin,attack
2026-08-13 19:55:00,DDoS_src_27,DDoS,2.29,9,0.18,0.0,50.98,Medium,Alert Admin,attack
2026-08-13 19:55:18,DoS_Hulk_src_22,DoS Hulk,0.77,8,0.35,0.0,39.96,Medium,Alert Admin,attack
2026-08-13 19:55:20,DDoS_src_6,DDoS,1.11,9,0.72,2.0,50.86,Medium,Alert Admin,attack
2026-08-13 19:55:24,DoS_Slowhttptest_src_28,DoS Slowhttptest,1.05,7,1.04,4.0,40.69,Medium,Alert Admin,attack
2026-08-13 19:55:30,DDoS_src_25,DDoS,0.64,9,0.0,0.0,46.59,Medium,Alert Admin,attack
2026-08-13 19:55:36,DDoS_src_5,DDoS,1.82,9,0.39,2.0,52.14,Medium,Alert Admin,attack
2026-08-13 19:55:38,Bot_src_30,Bot,0.24,8,0.0,0.0,40.59,Medium,Alert Admin,attack
2026-08-13 19:55:40,DoS_Hulk_src_19,DoS Hulk,0.51,8,0.32,2.0,41.26,Medium,Alert Admin,attack
2026-08-13 19:55:42,DoS_GoldenEye_src_25,DoS GoldenEye,1.07,8,0.16,0.0,40.41,Medium,Alert Admin,attack
2026-08-13 19:55:52,Bot_src_21,Bot,4.74,8,0.62,2.0,54.79,Medium,Alert Admin,attack
2026-08-13 19:55:56,SSH_Patator_src_2,SSH-Patator,0.39,6,0.39,2.0,31.05,Low,Generate Log,attack
2026-08-13 19:56:14,DDoS_src_33,DDoS,0.71,9,0.0,0.0,46.76,Medium,Alert Admin,attack
2026-08-13 19:56:16,DoS_slowloris_src_22,DoS slowloris,0.39,7,0.03,0.0,33.51,Low,Generate Log,attack
2026-08-13 19:56:18,PortScan_src_17,PortScan,0.63,4,0.38,2.0,21.65,Low,Generate Log,attack
2026-08-13 19:56:22,DDoS_src_27,DDoS,2.29,9,0.97,2.0,54.18,Medium,Alert Admin,attack
2026-08-13 19:56:26,DDoS_src_28,DDoS,0.71,9,0.6,2.0,49.67,Medium,Alert Admin,attack
2026-08-13 19:56:30,Bot_src_27,Bot,0.25,8,0.59,2.0,43.49,Medium,Alert Admin,attack
2026-08-13 19:56:50,DoS_Hulk_src_13,DoS Hulk,0.42,8,0.38,2.0,41.13,Medium,Alert Admin,attack
2026-08-13 19:57:02,Bot_src_12,Bot,0.25,8,0.0,0.0,40.63,Medium,Alert Admin,attack
2026-08-13 19:57:28,DDoS_src_19,DDoS,1.11,9,0.01,0.0,47.8,Medium,Alert Admin,attack
2026-08-13 19:57:38,DDoS_src_28,DDoS,1.81,9,1.36,4.0,55.56,Medium,Alert Admin,attack
2026-08-13 19:57:40,SSH_Patator_src_12,SSH-Patator,0.4,6,0.0,0.0,28.51,Low,Generate Log,attack
2026-08-13 19:57:48,DDoS_src_21,DDoS,0.37,9,0.02,0.0,45.95,Medium,Alert Admin,attack
2026-08-13 19:57:54,DDoS_src_26,DDoS,0.6,9,0.0,0.0,46.5,Medium,Alert Admin,attack
2026-08-13 19:57:58,DoS_Hulk_src_9,DoS Hulk,1.0,8,0.25,0.0,40.37,Medium,Alert Admin,attack
2026-08-13 19:58:00,DDoS_src_28,DDoS,0.65,9,2.24,6.0,55.99,Medium,Alert Admin,attack
2026-08-13 19:58:02,DoS_GoldenEye_src_19,DoS GoldenEye,0.77,8,0.16,0.0,39.65,Medium,Alert Admin,attack
2026-08-13 19:58:10,DDoS_src_14,DDoS,1.63,9,0.0,0.0,49.09,Medium,Alert Admin,attack
2026-08-13 19:58:14,DoS_Hulk_src_17,DoS Hulk,0.76,8,0.14,0.0,39.62,Medium,Alert Admin,attack
2026-08-13 19:58:20,DoS_GoldenEye_src_6,DoS GoldenEye,1.63,8,0.26,2.0,43.96,Medium,Alert Admin,attack
2026-08-13 19:58:22,DoS_Hulk_src_8,DoS Hulk,0.73,8,0.12,0.0,39.49,Medium,Alert Admin,attack
2026-08-13 19:58:24,DoS_Hulk_src_14,DoS Hulk,0.51,8,0.2,0.0,39.09,Medium,Alert Admin,attack
2026-08-13 19:58:38,DoS_Slowhttptest_src_0,DoS Slowhttptest,1.55,7,0.45,0.0,37.03,Medium,Alert Admin,attack
2026-08-13 19:58:40,DoS_Hulk_src_31,DoS Hulk,1.0,8,0.14,0.0,40.21,Medium,Alert Admin,attack
2026-08-13 19:58:44,DDoS_src_27,DDoS,0.75,9,1.42,4.0,53.0,Medium,Alert Admin,attack
2026-08-13 19:58:46,DoS_GoldenEye_src_2,DoS GoldenEye,1.73,8,0.02,0.0,41.86,Medium,Alert Admin,attack
2026-08-13 19:58:48,DoS_Slowhttptest_src_6,DoS Slowhttptest,1.6,7,0.61,2.0,39.42,Medium,Alert Admin,attack
2026-08-13 19:59:04,DoS_GoldenEye_src_4,DoS GoldenEye,1.07,8,0.0,0.0,40.17,Medium,Alert Admin,attack
2026-08-13 19:59:16,DoS_GoldenEye_src_13,DoS GoldenEye,1.64,8,0.49,2.0,44.33,Medium,Alert Admin,attack
2026-08-13 19:59:24,DoS_slowloris_src_18,DoS slowloris,3.07,7,0.05,0.0,40.26,Medium,Alert Admin,attack
2026-08-13 19:59:36,DDoS_src_15,DDoS,2.95,9,0.41,2.0,55.0,Medium,Alert Admin,attack
2026-08-13 19:59:38,DoS_Slowhttptest_src_3,DoS Slowhttptest,1.61,7,0.09,0.0,36.65,Medium,Alert Admin,attack
2026-08-13 19:59:54,DoS_slowloris_src_31,DoS slowloris,1.13,7,0.0,0.0,35.32,Medium,Alert Admin,attack
2026-08-13 20:00:06,DDoS_src_27,DDoS,2.29,9,2.0,6.0,59.73,Medium,Alert Admin,attack
2026-08-13 20:00:08,DoS_slowloris_src_13,DoS slowloris,0.99,7,0.21,0.0,35.29,Medium,Alert Admin,attack
2026-08-13 20:00:10,DoS_Hulk_src_26,DoS Hulk,0.82,8,0.01,0.0,39.55,Medium,Alert Admin,attack
2026-08-13 20:00:12,Bot_src_28,Bot,0.23,8,0.04,0.0,40.64,Medium,Alert Admin,attack
2026-08-13 20:00:28,DoS_GoldenEye_src_23,DoS GoldenEye,0.88,8,0.59,2.0,42.58,Medium,Alert Admin,attack
2026-08-13 20:00:32,DoS_slowloris_src_25,DoS slowloris,0.87,7,0.0,0.0,34.68,Low,Generate Log,attack
2026-08-13 20:00:50,DoS_GoldenEye_src_8,DoS GoldenEye,1.35,8,0.01,0.0,40.9,Medium,Alert Admin,attack
2026-08-13 20:01:14,DoS_GoldenEye_src_4,DoS GoldenEye,1.06,8,0.74,2.0,43.26,Medium,Alert Admin,attack
2026-08-13 20:01:22,DDoS_src_7,DDoS,0.61,9,0.01,0.0,46.55,Medium,Alert Admin,attack
2026-08-13 20:01:24,DDoS_src_28,DDoS,0.65,9,2.02,8.0,57.67,Medium,Alert Admin,attack
2026-08-13 20:01:30,DoS_Hulk_src_3,DoS Hulk,0.72,8,0.72,4.0,44.38,Medium,Alert Admin,attack
2026-08-13 20:01:52,SSH_Patator_src_31,SSH-Patator,0.38,6,0.01,0.0,28.45,Low,Generate Log,attack
2026-08-13 20:02:08,DoS_slowloris_src_32,DoS slowloris,1.27,7,0.07,0.0,35.77,Medium,Alert Admin,attack
2026-08-13 20:02:10,DoS_GoldenEye_src_17,DoS GoldenEye,0.84,8,0.01,0.0,39.6,Medium,Alert Admin,attack
2026-08-13 20:02:12,Bot_src_22,Bot,0.24,8,0.54,2.0,43.41,Medium,Alert Admin,attack
2026-08-13 20:02:22,Heartbleed_src_0,Heartbleed,3.24,9,0.18,0.0,53.37,Medium,Alert Admin,attack
2026-08-13 20:02:24,Bot_src_16,Bot,0.23,8,0.0,0.0,40.56,Medium,Alert Admin,attack
2026-08-13 20:02:32,DoS_GoldenEye_src_19,DoS GoldenEye,1.53,8,0.62,2.0,44.27,Medium,Alert Admin,attack
2026-08-13 20:02:40,Bot_src_23,Bot,0.25,8,0.01,0.0,40.64,Medium,Alert Admin,attack
2026-08-13 20:02:42,DoS_slowloris_src_27,DoS slowloris,0.43,7,0.33,2.0,36.06,Medium,Alert Admin,attack
2026-08-13 20:02:48,DDoS_src_7,DDoS,0.61,9,0.83,2.0,49.78,Medium,Alert Admin,attack
2026-08-13 20:02:52,DoS_Slowhttptest_src_5,DoS Slowhttptest,1.61,7,0.04,0.0,36.58,Medium,Alert Admin,attack
2026-08-13 20:03:02,DDoS_src_16,DDoS,0.76,9,0.0,0.0,46.91,Medium,Alert Admin,attack
2026-08-13 20:03:06,DoS_slowloris_src_32,DoS slowloris,1.27,7,0.93,2.0,39.07,Medium,Alert Admin,attack
2026-08-13 20:03:08,DoS_Slowhttptest_src_7,DoS Slowhttptest,1.59,7,0.03,0.0,36.51,Medium,Alert Admin,attack
2026-08-13 20:03:10,DoS_Hulk_src_14,DoS Hulk,0.46,8,0.62,2.0,41.58,Medium,Alert Admin,attack
2026-08-13 20:03:12,DoS_Slowhttptest_src_1,DoS Slowhttptest,1.58,7,0.2,0.0,36.75,Medium,Alert Admin,attack
2026-08-13 20:03:14,DoS_GoldenEye_src_12,DoS GoldenEye,1.05,8,0.37,2.0,42.68,Medium,Alert Admin,attack
2026-08-13 20:03:16,SSH_Patator_src_4,SSH-Patator,0.39,6,0.11,0.0,28.63,Low,Generate Log,attack
2026-08-13 20:03:22,DoS_Hulk_src_25,DoS Hulk,0.72,8,0.02,0.0,39.33,Medium,Alert Admin,attack
2026-08-13 20:03:26,Infiltration_src_0,Infiltration,3.91,9,0.05,0.0,54.84,Medium,Alert Admin,attack
2026-08-13 20:03:30,DoS_Hulk_src_21,DoS Hulk,0.64,8,0.21,0.0,39.43,Medium,Alert Admin,attack
2026-08-13 20:03:34,DDoS_src_5,DDoS,0.69,9,0.46,2.0,49.41,Medium,Alert Admin,attack
2026-08-13 20:03:42,DoS_slowloris_src_29,DoS slowloris,1.16,7,0.09,0.0,35.53,Medium,Alert Admin,attack
2026-08-13 20:03:52,DDoS_src_22,DDoS,2.14,9,0.01,0.0,50.37,Medium,Alert Admin,attack
2026-08-13 20:03:56,Bot_src_16,Bot,0.23,8,0.81,2.0,43.79,Medium,Alert Admin,attack
2026-08-13 20:04:02,DDoS_src_15,DDoS,0.57,9,0.76,2.0,49.56,Medium,Alert Admin,attack
2026-08-13 20:04:04,Web_Attack_�_Sql_Injection_src_0,Web Attack - Sql Injection,0.41,6,0.0,0.0,28.53,Low,Generate Log,attack
2026-08-13 20:04:08,Bot_src_6,Bot,0.25,8,0.0,0.0,40.62,Medium,Alert Admin,attack
2026-08-13 20:04:22,DoS_Slowhttptest_src_14,DoS Slowhttptest,1.15,7,0.32,0.0,35.84,Medium,Alert Admin,attack
2026-08-13 20:04:26,SSH_Patator_src_3,SSH-Patator,0.39,6,0.02,0.0,28.51,Low,Generate Log,attack
2026-08-13 20:04:36,SSH_Patator_src_29,SSH-Patator,0.41,6,0.26,0.0,28.91,Low,Generate Log,attack
2026-08-13 20:04:44,DoS_GoldenEye_src_30,DoS GoldenEye,1.65,8,0.03,0.0,41.67,Medium,Alert Admin,attack
2026-08-13 20:04:46,DoS_GoldenEye_src_21,DoS GoldenEye,1.36,8,0.0,0.0,40.91,Medium,Alert Admin,attack
2026-08-13 20:04:58,Infiltration_src_2,Infiltration,0.78,9,0.0,0.0,46.95,Medium,Alert Admin,attack
2026-08-13 20:05:08,SSH_Patator_src_12,SSH-Patator,0.4,6,0.36,2.0,31.04,Low,Generate Log,attack
2026-08-13 20:05:10,DoS_slowloris_src_32,DoS slowloris,1.42,7,1.45,4.0,42.24,Medium,Alert Admin,attack
2026-08-13 20:05:14,Bot_src_18,Bot,0.24,8,0.0,0.0,40.59,Medium,Alert Admin,attack
2026-08-13 20:05:16,SSH_Patator_src_14,SSH-Patator,0.43,6,0.2,0.0,28.87,Low,Generate Log,attack
2026-08-13 20:05:24,DDoS_src_24,DDoS,0.38,9,0.01,0.0,45.97,Medium,Alert Admin,attack
2026-08-13 20:05:34,DDoS_src_18,DDoS,2.13,9,0.01,0.0,50.35,Medium,Alert Admin,attack
2026-08-13 20:05:38,Bot_src_15,Bot,0.24,8,0.02,0.0,40.62,Medium,Alert Admin,attack
2026-08-13 20:05:44,Bot_src_4,Bot,0.24,8,0.05,0.0,40.68,Medium,Alert Admin,attack
2026-08-13 20:05:50,DoS_Hulk_src_9,DoS Hulk,1.09,8,0.42,2.0,42.84,Medium,Alert Admin,attack
2026-08-13 20:05:56,DoS_GoldenEye_src_23,DoS GoldenEye,0.87,8,0.74,2.0,42.78,Medium,Alert Admin,attack
2026-08-13 20:05:58,DoS_GoldenEye_src_13,DoS GoldenEye,1.62,8,0.59,2.0,44.43,Medium,Alert Admin,attack
2026-08-13 20:06:06,DoS_Hulk_src_24,DoS Hulk,0.46,8,0.16,0.0,38.9,Medium,Alert Admin,attack
2026-08-13 20:06:18,DoS_Hulk_src_7,DoS Hulk,1.05,8,0.06,0.0,40.21,Medium,Alert Admin,attack
2026-08-13 20:06:20,DDoS_src_20,DDoS,0.76,9,0.21,0.0,47.22,Medium,Alert Admin,attack
2026-08-13 20:06:24,DoS_Hulk_src_24,DoS Hulk,0.71,8,1.12,2.0,42.94,Medium,Alert Admin,attack
2026-08-13 20:06:28,DoS_Hulk_src_19,DoS Hulk,0.51,8,0.3,0.0,39.21,Medium,Alert Admin,attack
2026-08-13 20:06:30,DoS_Slowhttptest_src_28,DoS Slowhttptest,1.08,7,0.44,0.0,35.85,Medium,Alert Admin,attack
2026-08-13 20:06:32,DoS_Slowhttptest_src_28,DoS Slowhttptest,0.77,7,1.43,2.0,38.57,Medium,Alert Admin,attack
2026-08-13 20:06:34,DoS_Hulk_src_2,DoS Hulk,0.81,8,0.07,0.0,39.64,Medium,Alert Admin,attack
2026-08-13 20:06:38,Bot_src_20,Bot,0.24,8,0.33,0.0,41.09,Medium,Alert Admin,attack
2026-08-13 20:06:40,SSH_Patator_src_24,SSH-Patator,0.39,6,0.13,0.0,28.66,Low,Generate Log,attack
2026-08-13 20:06:42,DoS_Hulk_src_9,DoS Hulk,0.52,8,1.26,4.0,44.68,Medium,Alert Admin,attack
2026-08-13 20:06:46,DoS_Hulk_src_22,DoS Hulk,1.13,8,0.28,0.0,40.74,Medium,Alert Admin,attack
2026-08-13 20:06:48,DoS_Hulk_src_3,DoS Hulk,0.72,8,0.82,2.0,42.54,Medium,Alert Admin,attack
2026-08-13 20:06:54,DDoS_src_29,DDoS,0.66,9,0.0,0.0,46.65,Medium,Alert Admin,attack
2026-08-13 20:06:56,DoS_GoldenEye_src_17,DoS GoldenEye,1.04,8,0.52,2.0,42.88,Medium,Alert Admin,attack
2026-08-13 20:07:00,DoS_Hulk_src_27,DoS Hulk,0.45,8,0.12,0.0,38.8,Medium,Alert Admin,attack
2026-08-13 20:07:02,DDoS_src_21,DDoS,1.28,9,0.28,2.0,50.63,Medium,Alert Admin,attack
2026-08-13 20:07:14,DoS_Hulk_src_30,DoS Hulk,0.71,8,0.06,0.0,39.36,Medium,Alert Admin,attack
2026-08-13 20:07:16,SSH_Patator_src_14,SSH-Patator,0.43,6,0.91,2.0,31.94,Low,Generate Log,attack
2026-08-13 20:07:20,Bot_src_1,Bot,0.38,8,0.0,0.0,40.95,Medium,Alert Admin,attack
2026-08-13 20:07:22,Bot_src_31,Bot,0.24,8,0.01,0.0,40.61,Medium,Alert Admin,attack
2026-08-13 20:07:26,DoS_Hulk_src_19,DoS Hulk,0.51,8,1.13,2.0,42.47,Medium,Alert Admin,attack
2026-08-13 20:07:40,SSH_Patator_src_33,SSH-Patator,0.46,6,0.0,0.0,28.67,Low,Generate Log,attack
2026-08-13 20:07:44,DoS_slowloris_src_32,DoS slowloris,1.27,7,1.72,6.0,44.24,Medium,Alert Admin,attack
2026-08-13 20:07:48,DoS_Slowhttptest_src_0,DoS Slowhttptest,0.78,7,0.41,2.0,37.05,Medium,Alert Admin,attack
2026-08-13 20:07:54,DDoS_src_15,DDoS,2.95,9,1.03,4.0,57.93,Medium,Alert Admin,attack
2026-08-13 20:08:00,DoS_Slowhttptest_src_3,DoS Slowhttptest,1.61,7,0.34,2.0,39.04,Medium,Alert Admin,attack
2026-08-13 20:08:02,DDoS_src_8,DDoS,0.7,9,0.02,0.0,46.78,Medium,Alert Admin,attack
2026-08-13 20:08:04,DoS_GoldenEye_src_22,DoS GoldenEye,2.19,8,0.15,0.0,43.19,Medium,Alert Admin,attack
2026-08-13 20:08:08,DoS_GoldenEye_src_19,DoS GoldenEye,1.07,8,0.75,2.0,43.29,Medium,Alert Admin,attack
2026-08-13 20:08:10,DDoS_src_2,DDoS,0.72,9,0.06,0.0,46.88,Medium,Alert Admin,attack
2026-08-13 20:08:18,SSH_Patator_src_1,SSH-Patator,0.39,6,0.0,0.0,28.47,Low,Generate Log,attack
2026-08-13 20:08:20,DoS_Hulk_src_18,DoS Hulk,0.69,8,0.01,0.0,39.26,Medium,Alert Admin,attack
2026-08-13 20:08:24,Bot_src_19,Bot,0.24,8,0.0,0.0,40.61,Medium,Alert Admin,attack
2026-08-13 20:08:42,DoS_slowloris_src_16,DoS slowloris,3.07,7,0.22,0.0,40.5,Medium,Alert Admin,attack
2026-08-13 20:08:48,DoS_Hulk_src_1,DoS Hulk,1.88,8,0.04,0.0,42.25,Medium,Alert Admin,attack
2026-08-13 20:08:50,DoS_Slowhttptest_src_9,DoS Slowhttptest,1.59,7,0.19,0.0,36.75,Medium,Alert Admin,attack
2026-08-13 20:08:52,DoS_Slowhttptest_src_27,DoS Slowhttptest,1.31,7,0.02,0.0,35.81,Medium,Alert Admin,attack
2026-08-13 20:09:00,DoS_Hulk_src_0,DoS Hulk,2.26,8,0.07,0.0,43.27,Medium,Alert Admin,attack
2026-08-13 20:09:04,SSH_Patator_src_15,SSH-Patator,0.41,6,0.04,0.0,28.57,Low,Generate Log,attack
2026-08-13 20:09:18,DoS_GoldenEye_src_1,DoS GoldenEye,1.72,8,0.0,0.0,41.79,Medium,Alert Admin,attack
2026-08-13 20:09:22,DoS_GoldenEye_src_13,DoS GoldenEye,1.04,8,0.99,2.0,43.59,Medium,Alert Admin,attack
2026-08-13 20:09:26,DoS_slowloris_src_14,DoS slowloris,0.99,7,0.17,0.0,35.24,Medium,Alert Admin,attack
2026-08-13 20:09:28,DoS_Hulk_src_4,DoS Hulk,0.42,8,0.02,0.0,38.58,Medium,Alert Admin,attack
2026-08-13 20:09:38,DoS_slowloris_src_27,DoS slowloris,1.07,7,0.51,2.0,37.94,Medium,Alert Admin,attack
2026-08-13 20:09:42,DoS_Hulk_src_27,DoS Hulk,0.69,8,0.77,2.0,42.39,Medium,Alert Admin,attack
2026-08-13 20:09:44,SSH_Patator_src_8,SSH-Patator,0.41,6,0.0,0.0,28.53,Low,Generate Log,attack
2026-08-13 20:09:48,DoS_Slowhttptest_src_3,DoS Slowhttptest,1.61,7,1.05,2.0,40.09,Medium,Alert Admin,attack
2026-08-13 20:10:00,SSH_Patator_src_19,SSH-Patator,0.4,6,0.11,0.0,28.65,Low,Generate Log,attack
2026-08-13 20:10:18,DoS_slowloris_src_27,DoS slowloris,0.43,7,1.38,4.0,39.63,Medium,Alert Admin,attack
2026-08-13 20:10:24,DoS_GoldenEye_src_32,DoS GoldenEye,0.85,8,0.0,0.0,39.63,Medium,Alert Admin,attack
2026-08-13 20:10:32,DoS_Hulk_src_11,DoS Hulk,1.02,8,0.13,0.0,40.24,Medium,Alert Admin,attack
2026-08-13 20:10:34,DDoS_src_0,DDoS,0.73,9,0.01,0.0,46.84,Medium,Alert Admin,attack
2026-08-13 20:10:36,SSH_Patator_src_1,SSH-Patator,0.38,6,0.73,2.0,31.55,Low,Generate Log,attack
2026-08-13 20:10:42,PortScan_src_22,PortScan,0.63,4,0.0,0.0,19.08,Low,Generate Log,attack
2026-08-13 20:10:44,DoS_Hulk_src_20,DoS Hulk,0.76,8,0.01,0.0,39.41,Medium,Alert Admin,attack
2026-08-13 20:10:54,DoS_slowloris_src_28,DoS slowloris,0.22,7,0.01,0.0,33.06,Low,Generate Log,attack
2026-08-13 20:10:56,DoS_Hulk_src_19,DoS Hulk,0.76,8,1.31,4.0,45.36,Medium,Alert Admin,attack
2026-08-13 20:11:00,SSH_Patator_src_29,SSH-Patator,0.41,6,0.52,2.0,31.3,Low,Generate Log,attack
2026-08-13 20:11:04,Infiltration_src_0,Infiltration,1.65,9,0.36,2.0,51.67,Medium,Alert Admin,attack
2026-08-13 20:11:06,DoS_Slowhttptest_src_6,DoS Slowhttptest,1.6,7,0.29,0.0,36.95,Medium,Alert Admin,attack
2026-08-13 20:11:08,DDoS_src_27,DDoS,0.86,9,0.65,0.0,48.12,Medium,Alert Admin,attack
2026-08-13 20:11:16,SSH_Patator_src_8,SSH-Patator,0.41,6,0.81,2.0,31.73,Low,Generate Log,attack
2026-08-13 20:11:18,SSH_Patator_src_17,SSH-Patator,0.39,6,0.03,0.0,28.53,Low,Generate Log,attack
2026-08-13 20:11:24,DDoS_src_25,DDoS,0.74,9,0.11,0.0,47.03,Medium,Alert Admin,attack
2026-08-13 20:11:36,DDoS_src_1,DDoS,0.7,9,0.01,0.0,46.78,Medium,Alert Admin,attack
2026-08-13 20:11:48,DoS_Hulk_src_26,DoS Hulk,0.54,8,0.2,0.0,39.14,Medium,Alert Admin,attack
2026-08-13 20:11:52,DDoS_src_32,DDoS,1.2,9,0.0,0.0,48.01,Medium,Alert Admin,attack
2026-08-13 20:12:00,DoS_Hulk_src_26,DoS Hulk,1.14,8,1.17,2.0,44.11,Medium,Alert Admin,attack
2026-08-13 20:12:02,Bot_src_8,Bot,0.3,8,0.05,0.0,40.82,Medium,Alert Admin,attack
2026-08-13 20:12:04,DoS_Slowhttptest_src_8,DoS Slowhttptest,1.58,7,0.11,0.0,36.63,Medium,Alert Admin,attack
2026-08-13 20:12:12,Bot_src_18,Bot,0.22,8,0.38,2.0,43.13,Medium,Alert Admin,attack
2026-08-13 20:12:18,Bot_src_6,Bot,0.39,8,0.32,2.0,43.45,Medium,Alert Admin,attack
2026-08-13 20:12:20,DoS_Hulk_src_17,DoS Hulk,0.99,8,0.16,0.0,40.23,Medium,Alert Admin,attack
2026-08-13 20:12:26,DoS_slowloris_src_28,DoS slowloris,0.22,7,0.82,2.0,36.27,Medium,Alert Admin,attack
2026-08-13 20:12:28,Bot_src_21,Bot,0.24,8,0.16,0.0,40.84,Medium,Alert Admin,attack
2026-08-13 20:12:58,DoS_slowloris_src_16,DoS slowloris,3.07,7,0.67,2.0,43.19,Medium,Alert Admin,attack
2026-08-13 20:13:06,DDoS_src_26,DDoS,0.7,9,0.12,0.0,46.93,Medium,Alert Admin,attack
2026-08-13 20:13:12,DDoS_src_6,DDoS,1.11,9,0.14,0.0,48.0,Medium,Alert Admin,attack
2026-08-13 20:13:18,DoS_Hulk_src_29,DoS Hulk,1.03,8,0.0,0.0,40.07,Medium,Alert Admin,attack
2026-08-13 20:13:40,PortScan_src_18,PortScan,0.4,4,0.0,0.0,18.51,Low,Generate Log,attack
2026-08-13 20:13:42,DoS_Hulk_src_16,DoS Hulk,0.46,8,0.02,0.0,38.68,Medium,Alert Admin,attack
2026-08-13 20:13:44,DoS_Slowhttptest_src_28,DoS Slowhttptest,1.08,7,0.9,4.0,40.53,Medium,Alert Admin,attack
2026-08-13 20:13:48,Heartbleed_src_0,Heartbleed,2.95,9,0.24,0.0,52.73,Medium,Alert Admin,attack
2026-08-13 20:13:52,DoS_Hulk_src_25,DoS Hulk,0.94,8,0.24,0.0,40.2,Medium,Alert Admin,attack
2026-08-13 20:13:54,DDoS_src_1,DDoS,0.39,9,0.73,2.0,49.07,Medium,Alert Admin,attack
2026-08-13 20:13:56,Bot_src_12,Bot,0.3,8,0.1,0.0,40.9,Medium,Alert Admin,attack
2026-08-13 20:14:02,DDoS_src_12,DDoS,0.61,9,0.0,0.0,46.52,Medium,Alert Admin,attack
2026-08-13 20:14:14,DoS_Hulk_src_17,DoS Hulk,0.76,8,0.89,2.0,42.75,Medium,Alert Admin,attack
2026-08-13 20:14:20,DDoS_src_3,DDoS,0.7,9,0.0,0.0,46.74,Medium,Alert Admin,attack
2026-08-13 20:14:26,DoS_Slowhttptest_src_7,DoS Slowhttptest,1.59,7,0.22,0.0,36.79,Medium,Alert Admin,attack
2026-08-13 20:14:30,Bot_src_25,Bot,0.39,8,0.0,0.0,40.97,Medium,Alert Admin,attack
2026-08-13 20:14:32,DoS_GoldenEye_src_31,DoS GoldenEye,2.22,8,0.01,0.0,43.06,Medium,Alert Admin,attack
2026-08-13 20:14:36,PortScan_src_32,PortScan,0.57,4,0.03,0.0,18.98,Low,Generate Log,attack
2026-08-13 20:14:38,DoS_GoldenEye_src_0,DoS GoldenEye,0.79,8,0.03,0.0,39.5,Medium,Alert Admin,attack
2026-08-13 20:14:40,DoS_slowloris_src_29,DoS slowloris,0.43,7,0.24,0.0,33.92,Low,Generate Log,attack
2026-08-13 20:14:44,DoS_Slowhttptest_src_0,DoS Slowhttptest,1.55,7,0.54,2.0,39.17,Medium,Alert Admin,attack
2026-08-13 20:14:52,DDoS_src_9,DDoS,2.14,9,0.08,0.0,50.48,Medium,Alert Admin,attack
2026-08-13 20:15:24,DoS_Hulk_src_18,DoS Hulk,0.38,8,0.38,2.0,41.03,Medium,Alert Admin,attack
2026-08-13 20:15:34,DDoS_src_30,DDoS,2.13,9,0.0,0.0,50.32,Medium,Alert Admin,attack
2026-08-13 20:15:38,DoS_Hulk_src_2,DoS Hulk,0.49,8,0.3,2.0,41.18,Medium,Alert Admin,attack
2026-08-13 20:15:42,SSH_Patator_src_14,SSH-Patator,0.45,6,0.59,2.0,31.52,Low,Generate Log,attack
2026-08-13 20:15:52,DoS_Hulk_src_23,DoS Hulk,0.51,8,0.05,0.0,38.86,Medium,Alert Admin,attack
2026-08-13 20:15:54,DoS_Slowhttptest_src_2,DoS Slowhttptest,1.61,7,0.04,0.0,36.58,Medium,Alert Admin,attack
2026-08-13 20:15:56,DoS_Hulk_src_0,DoS Hulk,0.88,8,0.41,2.0,42.32,Medium,Alert Admin,attack
2026-08-13 20:15:58,DDoS_src_32,DDoS,1.21,9,0.57,2.0,50.88,Medium,Alert Admin,attack
2026-08-13 20:16:00,DDoS_src_8,DDoS,2.1,9,0.34,2.0,52.77,Medium,Alert Admin,attack
2026-08-13 20:16:02,DoS_GoldenEye_src_19,DoS GoldenEye,1.73,8,0.58,2.0,44.71,Medium,Alert Admin,attack
2026-08-13 20:16:06,DoS_GoldenEye_src_3,DoS GoldenEye,2.25,8,0.0,0.0,43.12,Medium,Alert Admin,attack
2026-08-13 20:16:08,DDoS_src_25,DDoS,1.14,9,0.58,2.0,50.71,Medium,Alert Admin,attack
2026-08-13 20:16:14,DDoS_src_23,DDoS,0.87,9,0.0,0.0,47.18,Medium,Alert Admin,attack
2026-08-13 20:16:16,DDoS_src_23,DDoS,0.82,9,1.0,2.0,50.55,Medium,Alert Admin,attack
2026-08-13 20:16:20,DoS_GoldenEye_src_28,DoS GoldenEye,1.36,8,0.0,0.0,40.89,Medium,Alert Admin,attack
2026-08-13 20:16:24,DoS_GoldenEye_src_27,DoS GoldenEye,1.04,8,0.04,0.0,40.17,Medium,Alert Admin,attack
2026-08-13 20:16:26,DoS_Hulk_src_27,DoS Hulk,0.69,8,0.7,4.0,44.27,Medium,Alert Admin,attack
2026-08-13 20:16:28,DoS_slowloris_src_29,DoS slowloris,1.16,7,0.96,2.0,38.84,Medium,Alert Admin,attack
2026-08-13 20:16:32,DoS_slowloris_src_11,DoS slowloris,0.33,7,0.0,0.0,33.33,Low,Generate Log,attack
2026-08-13 20:16:36,DoS_GoldenEye_src_1,DoS GoldenEye,1.08,8,0.36,2.0,42.75,Medium,Alert Admin,attack
2026-08-13 20:16:40,DoS_Hulk_src_32,DoS Hulk,0.7,8,0.01,0.0,39.25,Medium,Alert Admin,attack
2026-08-13 20:16:46,DoS_GoldenEye_src_7,DoS GoldenEye,1.3,8,0.0,0.0,40.75,Medium,Alert Admin,attack
2026-08-13 20:16:48,Infiltration_src_1,Infiltration,0.94,9,0.09,0.0,47.5,Medium,Alert Admin,attack
2026-08-13 20:16:56,DDoS_src_30,DDoS,1.85,9,0.83,2.0,52.87,Medium,Alert Admin,attack
2026-08-13 20:17:20,DoS_Hulk_src_6,DoS Hulk,1.05,8,0.03,0.0,40.18,Medium,Alert Admin,attack
2026-08-13 20:17:22,DoS_Slowhttptest_src_27,DoS Slowhttptest,1.31,7,0.31,2.0,38.25,Medium,Alert Admin,attack
2026-08-13 20:17:42,DoS_Slowhttptest_src_3,DoS Slowhttptest,1.61,7,0.68,4.0,41.55,Medium,Alert Admin,attack
2026-08-13 20:17:48,DoS_slowloris_src_29,DoS slowloris,0.23,7,1.63,4.0,39.52,Medium,Alert Admin,attack
2026-08-13 20:17:56,Bot_src_24,Bot,0.24,8,0.0,0.0,40.61,Medium,Alert Admin,attack
2026-08-13 20:18:08,DoS_slowloris_src_18,DoS slowloris,3.07,7,0.08,0.0,40.3,Medium,Alert Admin,attack
2026-08-13 20:18:14,Bot_src_9,Bot,0.25,8,0.0,0.0,40.61,Medium,Alert Admin,attack
2026-08-13 20:18:20,DoS_GoldenEye_src_18,DoS GoldenEye,1.0,8,0.0,0.0,40.0,Medium,Alert Admin,attack
2026-08-13 20:18:46,SSH_Patator_src_6,SSH-Patator,0.39,6,0.02,0.0,28.52,Low,Generate Log,attack
2026-08-13 20:18:50,SSH_Patator_src_10,SSH-Patator,0.39,6,0.03,0.0,28.53,Low,Generate Log,attack
2026-08-13 20:19:02,DoS_slowloris_src_12,DoS slowloris,0.5,7,0.1,0.0,33.89,Low,Generate Log,attack
2026-08-13 20:19:06,DDoS_src_22,DDoS,1.86,9,0.12,0.0,49.83,Medium,Alert Admin,attack
2026-08-13 20:19:22,Bot_src_3,Bot,0.24,8,0.0,0.0,40.59,Medium,Alert Admin,attack
2026-08-13 20:19:30,DDoS_src_7,DDoS,1.14,9,0.18,0.0,48.12,Medium,Alert Admin,attack
2026-08-13 20:19:36,Heartbleed_src_0,Heartbleed,1.88,9,0.56,2.0,52.54,Medium,Alert Admin,attack
2026-08-13 20:19:40,DoS_GoldenEye_src_11,DoS GoldenEye,1.6,8,0.0,0.0,41.51,Medium,Alert Admin,attack
2026-08-13 20:19:42,DoS_GoldenEye_src_20,DoS GoldenEye,1.63,8,0.01,0.0,41.57,Medium,Alert Admin,attack
2026-08-13 20:19:50,SSH_Patator_src_6,SSH-Patator,0.39,6,0.88,2.0,31.8,Low,Generate Log,attack
2026-08-13 20:19:56,DoS_Hulk_src_18,DoS Hulk,0.7,8,0.74,2.0,42.35,Medium,Alert Admin,attack
2026-08-13 20:19:58,DoS_slowloris_src_33,DoS slowloris,1.11,7,0.01,0.0,35.29,Medium,Alert Admin,attack
2026-08-13 20:20:02,DoS_slowloris_src_13,DoS slowloris,0.99,7,0.08,0.0,35.09,Medium,Alert Admin,attack
2026-08-13 20:20:08,DoS_Hulk_src_29,DoS Hulk,0.47,8,0.39,2.0,41.26,Medium,Alert Admin,attack
2026-08-13 20:20:14,SSH_Patator_src_23,SSH-Patator,0.39,6,0.04,0.0,28.54,Low,Generate Log,attack
2026-08-13 20:20:20,DoS_GoldenEye_src_19,DoS GoldenEye,1.15,8,0.87,2.0,43.68,Medium,Alert Admin,attack
2026-08-13 20:20:30,Infiltration_src_1,Infiltration,0.44,9,0.66,2.0,49.09,Medium,Alert Admin,attack
2026-08-13 20:20:36,DoS_Hulk_src_0,DoS Hulk,3.13,8,0.74,2.0,48.43,Medium,Alert Admin,attack
2026-08-13 20:20:42,DoS_GoldenEye_src_2,DoS GoldenEye,2.11,8,0.05,0.0,42.86,Medium,Alert Admin,attack
2026-08-13 20:20:44,DoS_slowloris_src_16,DoS slowloris,3.07,7,0.57,2.0,43.03,Medium,Alert Admin,attack
2026-08-13 20:20:54,DoS_slowloris_src_16,DoS slowloris,3.07,7,1.53,4.0,46.48,Medium,Alert Admin,attack
2026-08-13 20:21:02,Heartbleed_src_0,Heartbleed,2.69,9,1.28,4.0,57.63,Medium,Alert Admin,attack
2026-08-13 20:21:04,Infiltration_src_0,Infiltration,1.07,9,0.34,2.0,50.18,Medium,Alert Admin,attack
2026-08-13 20:21:06,Bot_src_15,Bot,0.23,8,0.12,0.0,40.75,Medium,Alert Admin,attack
2026-08-13 20:21:08,SSH_Patator_src_3,SSH-Patator,0.39,6,0.1,0.0,28.63,Low,Generate Log,attack
2026-08-13 20:21:16,Bot_src_23,Bot,0.3,8,0.08,0.0,40.87,Medium,Alert Admin,attack
2026-08-13 20:21:18,DDoS_src_16,DDoS,0.62,9,0.08,0.0,46.68,Medium,Alert Admin,attack
2026-08-13 20:21:24,DoS_slowloris_src_13,DoS slowloris,0.99,7,0.89,2.0,38.31,Medium,Alert Admin,attack
2026-08-13 20:21:48,DDoS_src_12,DDoS,0.61,9,0.34,2.0,49.03,Medium,Alert Admin,attack
2026-08-13 20:21:50,DoS_Hulk_src_17,DoS Hulk,1.25,8,0.66,4.0,45.6,Medium,Alert Admin,attack
2026-08-13 20:21:52,DoS_Hulk_src_5,DoS Hulk,0.71,8,0.0,0.0,39.29,Medium,Alert Admin,attack
2026-08-13 20:21:54,DoS_slowloris_src_15,DoS slowloris,0.99,7,0.0,0.0,34.98,Low,Generate Log,attack
2026-08-13 20:21:58,DDoS_src_0,DDoS,2.28,9,0.21,0.0,51.02,Medium,Alert Admin,attack
2026-08-13 20:22:16,DoS_GoldenEye_src_9,DoS GoldenEye,0.92,8,0.0,0.0,39.81,Medium,Alert Admin,attack
2026-08-13 20:22:20,SSH_Patator_src_8,SSH-Patator,0.41,6,0.39,0.0,29.11,Low,Generate Log,attack
2026-08-13 20:22:30,DoS_GoldenEye_src_32,DoS GoldenEye,1.67,8,0.19,0.0,41.95,Medium,Alert Admin,attack
2026-08-13 20:22:32,DoS_slowloris_src_11,DoS slowloris,0.33,7,0.44,2.0,35.99,Medium,Alert Admin,attack
2026-08-13 20:22:44,DoS_Hulk_src_3,DoS Hulk,0.72,8,0.2,0.0,39.6,Medium,Alert Admin,attack
2026-08-13 20:22:46,DoS_Hulk_src_6,DoS Hulk,1.22,8,0.49,2.0,43.27,Medium,Alert Admin,attack
2026-08-13 20:22:56,DoS_Hulk_src_18,DoS Hulk,0.45,8,1.15,4.0,44.35,Medium,Alert Admin,attack
2026-08-13 20:23:02,DoS_Slowhttptest_src_14,DoS Slowhttptest,1.11,7,0.1,0.0,35.42,Medium,Alert Admin,attack
2026-08-13 20:23:04,DoS_Hulk_src_28,DoS Hulk,0.72,8,0.0,0.0,39.32,Medium,Alert Admin,attack
2026-08-13 20:23:10,Bot_src_14,Bot,0.22,8,0.0,0.0,40.56,Medium,Alert Admin,attack
2026-08-13 20:23:12,DoS_Slowhttptest_src_2,DoS Slowhttptest,1.61,7,0.38,2.0,39.09,Medium,Alert Admin,attack
2026-08-13 20:23:24,DoS_Hulk_src_31,DoS Hulk,1.42,8,0.04,0.0,41.1,Medium,Alert Admin,attack
2026-08-13 20:23:28,DDoS_src_26,DDoS,0.69,9,0.27,0.0,47.13,Medium,Alert Admin,attack
2026-08-13 20:23:30,DoS_Slowhttptest_src_8,DoS Slowhttptest,1.58,7,0.23,0.0,36.8,Medium,Alert Admin,attack
2026-08-13 20:23:32,DoS_GoldenEye_src_4,DoS GoldenEye,1.06,8,0.08,0.0,40.27,Medium,Alert Admin,attack
2026-08-13 20:23:42,Heartbleed_src_0,Heartbleed,3.09,9,1.57,6.0,61.08,High,Blacklist IP,attack
2026-08-13 20:23:44,DoS_Hulk_src_5,DoS Hulk,0.41,8,0.77,2.0,41.67,Medium,Alert Admin,attack
2026-08-13 20:23:46,DoS_Hulk_src_15,DoS Hulk,0.7,8,0.0,0.0,39.24,Medium,Alert Admin,attack
2026-08-13 20:23:52,DDoS_src_31,DDoS,0.77,9,0.0,0.0,46.92,Medium,Alert Admin,attack
2026-08-13 20:23:54,SSH_Patator_src_19,SSH-Patator,0.39,6,0.16,0.0,28.73,Low,Generate Log,attack
2026-08-13 20:24:08,DoS_slowloris_src_25,DoS slowloris,0.9,7,0.04,0.0,34.8,Low,Generate Log,attack
2026-08-13 20:24:12,DoS_GoldenEye_src_27,DoS GoldenEye,1.12,8,0.35,2.0,42.82,Medium,Alert Admin,attack
2026-08-13 20:24:14,DoS_Hulk_src_5,DoS Hulk,0.75,8,1.65,4.0,45.85,Medium,Alert Admin,attack
2026-08-13 20:24:26,DDoS_src_21,DDoS,1.81,9,0.11,0.0,49.7,Medium,Alert Admin,attack
2026-08-13 20:24:30,DoS_Hulk_src_24,DoS Hulk,0.46,8,0.17,0.0,38.92,Medium,Alert Admin,attack
2026-08-13 20:24:34,DoS_Hulk_src_3,DoS Hulk,0.79,8,0.93,2.0,42.88,Medium,Alert Admin,attack
2026-08-13 20:24:40,Bot_src_20,Bot,0.23,8,0.11,0.0,40.75,Medium,Alert Admin,attack
2026-08-13 20:24:42,SSH_Patator_src_29,SSH-Patator,0.41,6,0.23,0.0,28.86,Low,Generate Log,attack
2026-08-13 20:24:48,DoS_slowloris_src_28,DoS slowloris,1.07,7,0.33,0.0,35.66,Medium,Alert Admin,attack
2026-08-13 20:24:50,DoS_Hulk_src_10,DoS Hulk,0.45,8,0.02,0.0,38.66,Medium,Alert Admin,attack
2026-08-13 20:25:00,Bot_src_27,Bot,0.25,8,0.03,0.0,40.66,Medium,Alert Admin,attack
2026-08-13 20:25:02,Bot_src_32,Bot,0.24,8,0.0,0.0,40.59,Medium,Alert Admin,attack
2026-08-13 20:25:08,Bot_src_29,Bot,0.25,8,0.0,0.0,40.62,Medium,Alert Admin,attack
2026-08-13 20:25:14,DDoS_src_14,DDoS,2.14,9,0.02,0.0,50.38,Medium,Alert Admin,attack
2026-08-13 20:25:20,DoS_Hulk_src_3,DoS Hulk,1.19,8,1.74,4.0,47.09,Medium,Alert Admin,attack
2026-08-13 20:25:22,DoS_Hulk_src_22,DoS Hulk,1.01,8,0.1,0.0,40.16,Medium,Alert Admin,attack
2026-08-13 20:25:32,DoS_GoldenEye_src_4,DoS GoldenEye,1.41,8,0.82,2.0,44.25,Medium,Alert Admin,attack
2026-08-13 20:25:34,DoS_slowloris_src_11,DoS slowloris,0.33,7,0.94,4.0,38.75,Medium,Alert Admin,attack
2026-08-13 20:25:38,DoS_GoldenEye_src_9,DoS GoldenEye,1.11,8,0.63,2.0,43.21,Medium,Alert Admin,attack
2026-08-13 20:25:40,Bot_src_33,Bot,0.23,8,0.0,0.0,40.57,Medium,Alert Admin,attack
2026-08-13 20:25:46,DoS_Slowhttptest_src_8,DoS Slowhttptest,1.58,7,0.9,2.0,39.8,Medium,Alert Admin,attack
2026-08-13 20:25:48,DoS_Hulk_src_29,DoS Hulk,1.03,8,0.63,2.0,43.02,Medium,Alert Admin,attack
2026-08-13 20:26:18,DoS_Hulk_src_23,DoS Hulk,0.76,8,0.25,0.0,39.77,Medium,Alert Admin,attack
2026-08-13 20:26:38,DoS_slowloris_src_29,DoS slowloris,1.16,7,0.77,2.0,38.56,Medium,Alert Admin,attack
2026-08-13 20:26:46,SSH_Patator_src_12,SSH-Patator,0.4,6,0.07,0.0,28.6,Low,Generate Log,attack
2026-08-13 20:26:48,SSH_Patator_src_10,SSH-Patator,0.4,6,0.34,2.0,31.0,Low,Generate Log,attack
2026-08-13 20:27:00,DoS_Hulk_src_12,DoS Hulk,0.69,8,0.0,0.0,39.24,Medium,Alert Admin,attack
2026-08-13 20:27:04,DoS_slowloris_src_15,DoS slowloris,0.99,7,0.49,2.0,37.71,Medium,Alert Admin,attack
2026-08-13 20:27:24,Bot_src_14,Bot,8.45,8,0.56,2.0,63.95,High,Blacklist IP,attack
2026-08-13 20:27:30,DDoS_src_26,DDoS,1.14,9,0.72,2.0,50.92,Medium,Alert Admin,attack
2026-08-13 20:27:36,Infiltration_src_0,Infiltration,3.86,9,0.54,2.0,57.45,Medium,Alert Admin,attack
2026-08-13 20:27:38,DDoS_src_9,DDoS,1.87,9,0.18,0.0,49.95,Medium,Alert Admin,attack
2026-08-13 20:27:44,DoS_Hulk_src_26,DoS Hulk,0.75,8,0.24,0.0,39.74,Medium,Alert Admin,attack
2026-08-13 20:27:52,DDoS_src_21,DDoS,0.37,9,0.69,2.0,48.97,Medium,Alert Admin,attack
2026-08-13 20:27:56,DDoS_src_24,DDoS,0.38,9,0.04,0.0,46.02,Medium,Alert Admin,attack
2026-08-13 20:28:08,DDoS_src_0,DDoS,0.74,9,0.51,2.0,49.63,Medium,Alert Admin,attack
2026-08-13 20:28:20,DoS_Hulk_src_31,DoS Hulk,0.91,8,0.52,2.0,42.57,Medium,Alert Admin,attack
2026-08-13 20:28:40,Bot_src_27,Bot,0.24,8,0.62,2.0,43.54,Medium,Alert Admin,attack
2026-08-13 20:28:58,DDoS_src_12,DDoS,0.61,9,0.5,2.0,49.26,Medium,Alert Admin,attack
2026-08-13 20:29:10,Web_Attack_�_Sql_Injection_src_0,Web Attack - Sql Injection,0.39,6,0.03,0.0,28.53,Low,Generate Log,attack
2026-08-13 20:29:12,SSH_Patator_src_4,SSH-Patator,0.39,6,0.03,0.0,28.52,Low,Generate Log,attack
2026-08-13 20:29:22,DoS_Slowhttptest_src_27,DoS Slowhttptest,1.1,7,0.25,0.0,35.63,Medium,Alert Admin,attack
2026-08-13 20:29:32,Bot_src_18,Bot,0.23,8,0.12,0.0,40.77,Medium,Alert Admin,attack
2026-08-13 20:29:34,Bot_src_1,Bot,0.39,8,0.05,0.0,41.03,Medium,Alert Admin,attack
2026-08-13 20:29:44,DoS_Slowhttptest_src_6,DoS Slowhttptest,1.59,7,0.1,0.0,36.61,Medium,Alert Admin,attack
2026-08-13 20:29:48,Bot_src_13,Bot,0.44,8,0.0,0.0,41.12,Medium,Alert Admin,attack
2026-08-13 20:30:00,DoS_GoldenEye_src_11,DoS GoldenEye,1.4,8,0.24,0.0,41.35,Medium,Alert Admin,attack
2026-08-13 20:30:02,Heartbleed_src_0,Heartbleed,3.03,9,1.07,4.0,58.17,Medium,Alert Admin,attack
2026-08-13 20:30:10,DoS_Hulk_src_12,DoS Hulk,0.51,8,0.65,2.0,41.76,Medium,Alert Admin,attack
2026-08-13 20:30:20,DoS_Hulk_src_8,DoS Hulk,0.31,8,0.01,0.0,38.29,Medium,Alert Admin,attack
2026-08-13 20:30:28,DDoS_src_13,DDoS,0.59,9,0.01,0.0,46.49,Medium,Alert Admin,attack
2026-08-13 20:30:30,SSH_Patator_src_2,SSH-Patator,0.39,6,0.01,0.0,28.49,Low,Generate Log,attack
2026-08-13 20:30:34,DoS_Hulk_src_14,DoS Hulk,0.99,8,0.04,0.0,40.03,Medium,Alert Admin,attack
2026-08-13 20:30:42,Bot_src_20,Bot,0.24,8,0.48,2.0,43.31,Medium,Alert Admin,attack
2026-08-13 20:30:44,Bot_src_12,Bot,0.25,8,0.11,0.0,40.78,Medium,Alert Admin,attack
2026-08-13 20:31:02,DoS_Hulk_src_9,DoS Hulk,1.43,8,0.08,0.0,41.2,Medium,Alert Admin,attack
2026-08-13 20:31:06,Bot_src_9,Bot,0.25,8,0.17,0.0,40.87,Medium,Alert Admin,attack
2026-08-13 20:31:18,DoS_slowloris_src_31,DoS slowloris,1.13,7,0.01,0.0,35.34,Medium,Alert Admin,attack
2026-08-13 20:31:22,Bot_src_25,Bot,0.38,8,0.1,0.0,41.1,Medium,Alert Admin,attack
2026-08-13 20:31:34,SSH_Patator_src_3,SSH-Patator,0.4,6,0.26,0.0,28.88,Low,Generate Log,attack
2026-08-13 20:31:36,Bot_src_9,Bot,0.25,8,1.09,2.0,44.27,Medium,Alert Admin,attack
2026-08-13 20:31:38,SSH_Patator_src_2,SSH-Patator,0.38,6,0.86,2.0,31.76,Low,Generate Log,attack
2026-08-13 20:31:40,Bot_src_9,Bot,0.25,8,2.07,4.0,47.72,Medium,Alert Admin,attack
2026-08-13 20:31:44,SSH_Patator_src_30,SSH-Patator,0.39,6,0.0,0.0,28.47,Low,Generate Log,attack
2026-08-13 20:31:46,Bot_src_10,Bot,0.24,8,0.0,0.0,40.59,Medium,Alert Admin,attack
2026-08-13 20:31:58,DoS_Hulk_src_10,DoS Hulk,0.93,8,0.38,2.0,42.38,Medium,Alert Admin,attack
2026-08-13 20:32:02,DoS_GoldenEye_src_7,DoS GoldenEye,1.68,8,0.12,0.0,41.87,Medium,Alert Admin,attack
2026-08-13 20:32:06,DoS_Slowhttptest_src_7,DoS Slowhttptest,1.59,7,0.1,0.0,36.62,Medium,Alert Admin,attack
2026-08-13 20:32:08,DoS_slowloris_src_13,DoS slowloris,0.99,7,0.43,0.0,35.61,Medium,Alert Admin,attack
2026-08-13 20:32:28,DoS_Hulk_src_20,DoS Hulk,0.59,8,0.05,0.0,39.06,Medium,Alert Admin,attack
2026-08-13 20:32:32,DoS_Hulk_src_1,DoS Hulk,0.8,8,0.04,0.0,39.56,Medium,Alert Admin,attack
2026-08-13 20:32:38,Bot_src_21,Bot,0.24,8,0.07,0.0,40.7,Medium,Alert Admin,attack
2026-08-13 20:32:44,DoS_slowloris_src_32,DoS slowloris,1.01,7,0.08,0.0,35.15,Medium,Alert Admin,attack
2026-08-13 20:32:46,SSH_Patator_src_31,SSH-Patator,0.39,6,0.01,0.0,28.49,Low,Generate Log,attack
2026-08-13 20:33:00,DoS_slowloris_src_12,DoS slowloris,0.34,7,0.16,0.0,33.6,Low,Generate Log,attack
2026-08-13 20:33:04,SSH_Patator_src_30,SSH-Patator,0.39,6,0.83,2.0,31.72,Low,Generate Log,attack
2026-08-13 20:33:06,Bot_src_1,Bot,0.39,8,0.64,2.0,43.92,Medium,Alert Admin,attack
2026-08-13 20:33:08,DoS_Hulk_src_21,DoS Hulk,0.64,8,0.02,0.0,39.14,Medium,Alert Admin,attack
2026-08-13 20:33:14,Bot_src_14,Bot,2.49,8,0.69,2.0,49.26,Medium,Alert Admin,attack
2026-08-13 20:33:18,DoS_Hulk_src_32,DoS Hulk,0.45,8,0.1,0.0,38.79,Medium,Alert Admin,attack
2026-08-13 20:33:22,Bot_src_31,Bot,0.24,8,0.03,0.0,40.64,Medium,Alert Admin,attack
2026-08-13 20:33:28,DDoS_src_30,DDoS,1.85,9,0.18,0.0,49.9,Medium,Alert Admin,attack
2026-08-13 20:33:34,DoS_Hulk_src_30,DoS Hulk,1.05,8,0.03,0.0,40.17,Medium,Alert Admin,attack
2026-08-13 20:33:44,DoS_GoldenEye_src_0,DoS GoldenEye,0.74,8,0.07,0.0,39.46,Medium,Alert Admin,attack
2026-08-13 20:33:46,SSH_Patator_src_26,SSH-Patator,0.39,6,0.0,0.0,28.49,Low,Generate Log,attack
2026-08-13 20:33:54,Bot_src_8,Bot,0.24,8,0.05,0.0,40.68,Medium,Alert Admin,attack
2026-08-13 20:33:58,DoS_Hulk_src_1,DoS Hulk,0.76,8,0.85,2.0,42.67,Medium,Alert Admin,attack
2026-08-13 20:34:02,SSH_Patator_src_17,SSH-Patator,0.39,6,0.04,0.0,28.55,Low,Generate Log,attack
2026-08-13 20:34:10,DDoS_src_18,DDoS,0.63,9,0.02,0.0,46.61,Medium,Alert Admin,attack
2026-08-13 20:34:14,DoS_Hulk_src_11,DoS Hulk,0.79,8,0.04,0.0,39.54,Medium,Alert Admin,attack
2026-08-13 20:34:20,SSH_Patator_src_23,SSH-Patator,0.39,6,0.15,0.0,28.71,Low,Generate Log,attack
2026-08-13 20:34:22,DDoS_src_23,DDoS,0.82,9,0.16,0.0,47.29,Medium,Alert Admin,attack
2026-08-13 20:34:30,DoS_Hulk_src_1,DoS Hulk,0.73,8,1.72,4.0,45.9,Medium,Alert Admin,attack
2026-08-13 20:34:38,DoS_slowloris_src_27,DoS slowloris,0.43,7,0.08,0.0,33.69,Low,Generate Log,attack
2026-08-13 20:34:44,DDoS_src_10,DDoS,0.75,9,0.0,0.0,46.88,Medium,Alert Admin,attack
2026-08-13 20:34:46,DoS_Slowhttptest_src_4,DoS Slowhttptest,1.61,7,0.01,0.0,36.53,Medium,Alert Admin,attack
2026-08-13 20:35:00,DoS_GoldenEye_src_4,DoS GoldenEye,1.7,8,0.49,2.0,44.49,Medium,Alert Admin,attack
2026-08-13 20:35:08,DDoS_src_4,DDoS,0.71,9,0.0,0.0,46.77,Medium,Alert Admin,attack
2026-08-13 20:35:14,SSH_Patator_src_17,SSH-Patator,0.39,6,0.88,2.0,31.81,Low,Generate Log,attack
2026-08-13 20:35:16,DoS_Hulk_src_27,DoS Hulk,0.7,8,0.12,0.0,39.42,Medium,Alert Admin,attack
2026-08-13 20:35:20,Infiltration_src_2,Infiltration,0.28,9,0.01,0.0,45.72,Medium,Alert Admin,attack
2026-08-13 20:35:22,DDoS_src_33,DDoS,1.26,9,0.0,0.0,48.17,Medium,Alert Admin,attack
2026-08-13 20:35:28,DoS_slowloris_src_27,DoS slowloris,1.07,7,0.96,2.0,38.62,Medium,Alert Admin,attack
2026-08-13 20:35:32,DoS_slowloris_src_17,DoS slowloris,3.07,7,0.0,0.0,40.18,Medium,Alert Admin,attack
2026-08-13 20:35:44,DoS_slowloris_src_19,DoS slowloris,1.11,7,0.0,0.0,35.27,Medium,Alert Admin,attack
2026-08-13 20:35:48,DoS_Hulk_src_2,DoS Hulk,2.56,8,0.08,0.0,44.02,Medium,Alert Admin,attack
2026-08-13 20:35:50,SSH_Patator_src_22,SSH-Patator,0.41,6,0.01,0.0,28.53,Low,Generate Log,attack
2026-08-13 20:35:54,DoS_GoldenEye_src_32,DoS GoldenEye,1.0,8,0.19,0.0,40.28,Medium,Alert Admin,attack
2026-08-13 20:35:56,DoS_Hulk_src_15,DoS Hulk,0.7,8,0.19,0.0,39.53,Medium,Alert Admin,attack
2026-08-13 20:35:58,SSH_Patator_src_19,SSH-Patator,0.39,6,0.22,0.0,28.81,Low,Generate Log,attack
2026-08-13 20:36:00,DoS_Hulk_src_18,DoS Hulk,0.7,8,0.35,0.0,39.77,Medium,Alert Admin,attack
2026-08-13 20:36:08,SSH_Patator_src_25,SSH-Patator,0.38,6,0.0,0.0,28.45,Low,Generate Log,attack
2026-08-13 20:36:10,DoS_Slowhttptest_src_4,DoS Slowhttptest,1.61,7,0.83,2.0,39.76,Medium,Alert Admin,attack
2026-08-13 20:36:30,DoS_GoldenEye_src_32,DoS GoldenEye,1.66,8,1.09,2.0,45.29,Medium,Alert Admin,attack
2026-08-13 20:36:32,DoS_GoldenEye_src_17,DoS GoldenEye,1.02,8,0.03,0.0,40.09,Medium,Alert Admin,attack
2026-08-13 20:36:34,DoS_Slowhttptest_src_8,DoS Slowhttptest,1.59,7,0.42,0.0,37.1,Medium,Alert Admin,attack
2026-08-13 20:36:40,Bot_src_7,Bot,0.24,8,0.0,0.0,40.6,Medium,Alert Admin,attack
2026-08-13 20:36:44,DoS_GoldenEye_src_15,DoS GoldenEye,2.12,8,0.0,0.0,42.8,Medium,Alert Admin,attack
2026-08-13 20:36:52,DoS_Hulk_src_24,DoS Hulk,0.67,8,0.21,0.0,39.5,Medium,Alert Admin,attack
2026-08-13 20:36:58,DDoS_src_3,DDoS,0.69,9,0.04,0.0,46.78,Medium,Alert Admin,attack
2026-08-13 20:37:00,DoS_Hulk_src_11,DoS Hulk,0.79,8,0.71,2.0,42.54,Medium,Alert Admin,attack
2026-08-13 20:37:02,DoS_Hulk_src_19,DoS Hulk,0.46,8,0.06,0.0,38.74,Medium,Alert Admin,attack
2026-08-13 20:37:06,DoS_Hulk_src_15,DoS Hulk,0.46,8,1.01,2.0,42.15,Medium,Alert Admin,attack
2026-08-13 20:37:22,DDoS_src_10,DDoS,0.39,9,0.69,2.0,49.03,Medium,Alert Admin,attack
2026-08-13 20:37:26,SSH_Patator_src_26,SSH-Patator,0.39,6,0.6,2.0,31.39,Low,Generate Log,attack
2026-08-13 20:37:30,DoS_GoldenEye_src_0,DoS GoldenEye,0.82,8,0.64,2.0,42.49,Medium,Alert Admin,attack
2026-08-13 20:37:44,DoS_Hulk_src_32,DoS Hulk,0.62,8,0.6,2.0,41.95,Medium,Alert Admin,attack
2026-08-13 20:37:46,DoS_slowloris_src_16,DoS slowloris,2.74,7,0.24,0.0,39.72,Medium,Alert Admin,attack
2026-08-13 20:37:50,DoS_GoldenEye_src_29,DoS GoldenEye,1.89,8,0.0,0.0,42.24,Medium,Alert Admin,attack
2026-08-13 20:37:54,DoS_Hulk_src_25,DoS Hulk,0.41,8,0.04,0.0,38.59,Medium,Alert Admin,attack
2026-08-13 20:38:02,DoS_Slowhttptest_src_5,DoS Slowhttptest,1.61,7,0.01,0.0,36.53,Medium,Alert Admin,attack
2026-08-13 20:38:06,DDoS_src_29,DDoS,1.55,9,0.01,0.0,48.9,Medium,Alert Admin,attack
2026-08-13 20:38:16,DDoS_src_11,DDoS,1.11,9,0.0,0.0,47.78,Medium,Alert Admin,attack
2026-08-13 20:38:18,DoS_Hulk_src_2,DoS Hulk,0.72,8,0.76,2.0,42.45,Medium,Alert Admin,attack
2026-08-13 20:38:20,DoS_Hulk_src_6,DoS Hulk,0.49,8,0.17,0.0,38.99,Medium,Alert Admin,attack
2026-08-13 20:38:22,DoS_Hulk_src_15,DoS Hulk,0.63,8,1.68,4.0,45.59,Medium,Alert Admin,attack
2026-08-13 20:38:28,DoS_Hulk_src_16,DoS Hulk,0.39,8,0.03,0.0,38.52,Medium,Alert Admin,attack
2026-08-13 20:38:30,DoS_Hulk_src_17,DoS Hulk,0.76,8,0.16,0.0,39.66,Medium,Alert Admin,attack
2026-08-13 20:38:32,DoS_Slowhttptest_src_4,DoS Slowhttptest,1.61,7,1.32,4.0,42.49,Medium,Alert Admin,attack
2026-08-13 20:38:38,DoS_slowloris_src_29,DoS slowloris,1.16,7,0.34,0.0,35.91,Medium,Alert Admin,attack
2026-08-13 20:38:50,DDoS_src_9,DDoS,1.17,9,0.25,0.0,48.3,Medium,Alert Admin,attack
2026-08-13 20:38:52,Heartbleed_src_0,Heartbleed,2.93,9,0.61,2.0,55.24,Medium,Alert Admin,attack
2026-08-13 20:38:56,DoS_GoldenEye_src_29,DoS GoldenEye,2.2,8,0.86,2.0,46.29,Medium,Alert Admin,attack
2026-08-13 20:39:04,Bot_src_32,Bot,0.23,8,0.14,0.0,40.8,Medium,Alert Admin,attack
2026-08-13 20:39:08,DoS_GoldenEye_src_33,DoS GoldenEye,1.68,8,0.0,0.0,41.71,Medium,Alert Admin,attack
2026-08-13 20:39:10,DoS_GoldenEye_src_2,DoS GoldenEye,1.1,8,0.08,0.0,40.37,Medium,Alert Admin,attack
2026-08-13 20:39:24,DoS_Slowhttptest_src_4,DoS Slowhttptest,1.61,7,2.05,6.0,45.6,Medium,Alert Admin,attack
2026-08-13 20:39:36,SSH_Patator_src_30,SSH-Patator,0.39,6,0.74,4.0,33.58,Low,Generate Log,attack
2026-08-13 20:39:44,SSH_Patator_src_19,SSH-Patator,0.39,6,0.72,2.0,31.57,Low,Generate Log,attack
2026-08-13 20:39:50,SSH_Patator_src_30,SSH-Patator,0.39,6,1.68,6.0,37.0,Medium,Alert Admin,attack
2026-08-13 20:39:52,Bot_src_2,Bot,0.38,8,0.0,0.0,40.95,Medium,Alert Admin,attack
2026-08-13 20:39:54,Bot_src_31,Bot,0.24,8,0.42,2.0,43.22,Medium,Alert Admin,attack
2026-08-13 20:40:12,DoS_Slowhttptest_src_14,DoS Slowhttptest,1.15,7,0.1,0.0,35.52,Medium,Alert Admin,attack
2026-08-13 20:40:18,DoS_Hulk_src_8,DoS Hulk,0.66,8,0.25,2.0,41.52,Medium,Alert Admin,attack
2026-08-13 20:40:26,DoS_Hulk_src_2,DoS Hulk,0.81,8,1.31,4.0,45.5,Medium,Alert Admin,attack
2026-08-13 20:40:34,DDoS_src_4,DDoS,0.71,9,0.47,2.0,49.49,Medium,Alert Admin,attack
2026-08-13 20:40:52,DoS_Slowhttptest_src_9,DoS Slowhttptest,1.36,7,0.01,0.0,35.93,Medium,Alert Admin,attack
2026-08-13 20:40:54,DoS_Hulk_src_12,DoS Hulk,0.76,8,0.37,0.0,39.97,Medium,Alert Admin,attack
2026-08-13 20:41:00,DoS_Hulk_src_21,DoS Hulk,0.41,8,0.34,2.0,41.03,Medium,Alert Admin,attack
2026-08-13 20:41:16,DoS_GoldenEye_src_7,DoS GoldenEye,2.21,8,0.31,2.0,45.48,Medium,Alert Admin,attack
2026-08-13 20:41:42,SSH_Patator_src_31,SSH-Patator,0.39,6,0.29,2.0,30.91,Low,Generate Log,attack
2026-08-13 20:41:46,DoS_Slowhttptest_src_2,DoS Slowhttptest,1.61,7,0.11,0.0,36.68,Medium,Alert Admin,attack
2026-08-13 20:41:52,Bot_src_25,Bot,0.24,8,0.26,0.0,40.99,Medium,Alert Admin,attack
2026-08-13 20:41:54,DoS_Hulk_src_20,DoS Hulk,0.7,8,0.28,2.0,41.67,Medium,Alert Admin,attack
2026-08-13 20:42:04,DoS_GoldenEye_src_20,DoS GoldenEye,1.49,8,0.05,0.0,41.3,Medium,Alert Admin,attack
2026-08-13 20:42:10,DoS_slowloris_src_22,DoS slowloris,0.39,7,0.0,0.0,33.49,Low,Generate Log,attack
2026-08-13 20:42:16,DoS_GoldenEye_src_2,DoS GoldenEye,1.11,8,0.7,2.0,43.34,Medium,Alert Admin,attack
2026-08-13 20:42:22,DDoS_src_23,DDoS,0.72,9,0.38,2.0,49.36,Medium,Alert Admin,attack
2026-08-13 20:42:26,DoS_Slowhttptest_src_5,DoS Slowhttptest,1.61,7,0.55,2.0,39.34,Medium,Alert Admin,attack
2026-08-13 20:42:34,Bot_src_29,Bot,0.25,8,0.09,0.0,40.77,Medium,Alert Admin,attack
2026-08-13 20:42:50,DoS_Slowhttptest_src_27,DoS Slowhttptest,1.1,7,0.19,0.0,35.55,Medium,Alert Admin,attack
2026-08-13 20:42:52,DoS_Slowhttptest_src_9,DoS Slowhttptest,1.59,7,0.77,2.0,39.62,Medium,Alert Admin,attack
2026-08-13 20:42:54,PortScan_src_23,PortScan,0.64,4,0.0,0.0,19.11,Low,Generate Log,attack
2026-08-13 20:43:10,DDoS_src_5,DDoS,1.0,9,0.01,0.0,47.52,Medium,Alert Admin,attack
2026-08-13 20:43:12,DDoS_src_2,DDoS,0.71,9,0.01,0.0,46.79,Medium,Alert Admin,attack
2026-08-13 20:43:32,DoS_Slowhttptest_src_15,DoS Slowhttptest,1.09,7,0.0,0.0,35.23,Medium,Alert Admin,attack
2026-08-13 20:43:34,DDoS_src_14,DDoS,0.73,9,0.08,0.0,46.95,Medium,Alert Admin,attack
2026-08-13 20:43:36,DoS_Slowhttptest_src_2,DoS Slowhttptest,1.61,7,0.86,2.0,39.81,Medium,Alert Admin,attack
2026-08-13 20:43:42,DoS_Slowhttptest_src_15,DoS Slowhttptest,0.78,7,0.98,2.0,37.91,Medium,Alert Admin,attack
2026-08-13 20:43:46,SSH_Patator_src_12,SSH-Patator,0.39,6,0.1,0.0,28.64,Low,Generate Log,attack
2026-08-13 20:44:02,SSH_Patator_src_17,SSH-Patator,0.39,6,0.56,4.0,33.32,Low,Generate Log,attack
2026-08-13 20:44:04,DoS_GoldenEye_src_27,DoS GoldenEye,1.65,8,0.09,0.0,41.75,Medium,Alert Admin,attack
2026-08-13 20:44:16,SSH_Patator_src_17,SSH-Patator,0.39,6,1.51,4.0,34.73,Low,Generate Log,attack
2026-08-13 20:44:18,DoS_Hulk_src_32,DoS Hulk,1.01,8,0.64,2.0,42.99,Medium,Alert Admin,attack
2026-08-13 20:44:20,DoS_GoldenEye_src_7,DoS GoldenEye,0.86,8,0.86,2.0,42.94,Medium,Alert Admin,attack
2026-08-13 20:44:22,DoS_slowloris_src_12,DoS slowloris,0.33,7,0.24,0.0,33.68,Low,Generate Log,attack
2026-08-13 20:44:30,Heartbleed_src_0,Heartbleed,3.19,9,0.74,2.0,56.07,Medium,Alert Admin,attack
2026-08-13 20:44:32,SSH_Patator_src_6,SSH-Patator,0.39,6,0.06,0.0,28.58,Low,Generate Log,attack
2026-08-13 20:44:36,DoS_slowloris_src_15,DoS slowloris,0.99,7,0.13,0.0,35.17,Medium,Alert Admin,attack
2026-08-13 20:44:38,DDoS_src_19,DDoS,0.7,9,0.0,0.0,46.75,Medium,Alert Admin,attack
2026-08-13 20:44:50,Bot_src_18,Bot,0.23,8,0.13,0.0,40.78,Medium,Alert Admin,attack
2026-08-13 20:44:52,DoS_slowloris_src_11,DoS slowloris,0.33,7,0.13,0.0,33.53,Low,Generate Log,attack
2026-08-13 20:44:56,Bot_src_16,Bot,0.23,8,0.01,0.0,40.59,Medium,Alert Admin,attack
2026-08-13 20:44:58,Bot_src_13,Bot,1.85,8,0.12,0.0,44.82,Medium,Alert Admin,attack
2026-08-13 20:45:02,DDoS_src_31,DDoS,2.98,9,0.05,0.0,52.53,Medium,Alert Admin,attack
2026-08-13 20:45:06,DoS_GoldenEye_src_31,DoS GoldenEye,2.1,8,0.01,0.0,42.77,Medium,Alert Admin,attack
2026-08-13 20:45:14,DoS_slowloris_src_14,DoS slowloris,0.99,7,0.01,0.0,34.99,Low,Generate Log,attack
2026-08-13 20:45:18,SSH_Patator_src_22,SSH-Patator,0.41,6,0.27,2.0,30.94,Low,Generate Log,attack
2026-08-13 20:45:22,DoS_Hulk_src_30,DoS Hulk,0.46,8,0.2,0.0,38.96,Medium,Alert Admin,attack
2026-08-13 20:45:24,DoS_Hulk_src_19,DoS Hulk,0.65,8,0.33,2.0,41.62,Medium,Alert Admin,attack
2026-08-13 20:45:28,DoS_Slowhttptest_src_27,DoS Slowhttptest,1.1,7,0.83,2.0,38.5,Medium,Alert Admin,attack
2026-08-13 20:45:32,DoS_GoldenEye_src_7,DoS GoldenEye,1.29,8,1.57,4.0,47.09,Medium,Alert Admin,attack
2026-08-13 20:45:42,DDoS_src_32,DDoS,3.02,9,0.03,0.0,52.58,Medium,Alert Admin,attack
2026-08-13 20:45:44,DoS_Slowhttptest_src_8,DoS Slowhttptest,1.58,7,0.4,2.0,39.06,Medium,Alert Admin,attack
2026-08-13 20:45:54,DoS_Slowhttptest_src_6,DoS Slowhttptest,1.6,7,0.12,0.0,36.68,Medium,Alert Admin,attack
2026-08-13 20:46:08,DoS_slowloris_src_29,DoS slowloris,0.41,7,0.47,2.0,36.23,Medium,Alert Admin,attack
2026-08-13 20:46:18,DoS_Hulk_src_6,DoS Hulk,0.74,8,0.39,2.0,41.92,Medium,Alert Admin,attack
2026-08-13 20:46:24,Bot_src_16,Bot,0.23,8,0.82,2.0,43.82,Medium,Alert Admin,attack
2026-08-13 20:46:34,DDoS_src_11,DDoS,0.59,9,0.32,2.0,48.96,Medium,Alert Admin,attack
2026-08-13 20:46:36,DDoS_src_11,DDoS,0.59,9,1.31,4.0,52.45,Medium,Alert Admin,attack
2026-08-13 20:46:42,DoS_Slowhttptest_src_6,DoS Slowhttptest,1.59,7,1.0,2.0,39.97,Medium,Alert Admin,attack
2026-08-13 20:46:58,Bot_src_32,Bot,0.24,8,0.38,2.0,43.16,Medium,Alert Admin,attack
2026-08-13 20:47:02,SSH_Patator_src_10,SSH-Patator,0.39,6,0.08,0.0,28.59,Low,Generate Log,attack
2026-08-13 20:47:06,DoS_GoldenEye_src_29,DoS GoldenEye,1.05,8,0.6,4.0,45.02,Medium,Alert Admin,attack
2026-08-13 20:47:16,SSH_Patator_src_4,SSH-Patator,0.39,6,0.08,0.0,28.59,Low,Generate Log,attack
2026-08-13 20:47:18,DoS_Slowhttptest_src_2,DoS Slowhttptest,1.61,7,1.11,4.0,42.19,Medium,Alert Admin,attack
2026-08-13 20:47:22,DoS_Hulk_src_13,DoS Hulk,0.35,8,0.0,0.0,38.39,Medium,Alert Admin,attack
2026-08-13 20:47:24,DoS_Hulk_src_19,DoS Hulk,1.67,8,1.01,2.0,45.18,Medium,Alert Admin,attack
2026-08-13 20:47:28,PortScan_src_25,PortScan,0.56,4,0.0,0.0,18.89,Low,Generate Log,attack
2026-08-13 20:47:30,Bot_src_12,Bot,0.25,8,0.11,0.0,40.78,Medium,Alert Admin,attack
2026-08-13 20:47:34,DoS_slowloris_src_28,DoS slowloris,1.01,7,0.06,0.0,35.12,Medium,Alert Admin,attack
2026-08-13 20:47:40,Bot_src_19,Bot,0.25,8,0.0,0.0,40.62,Medium,Alert Admin,attack
2026-08-13 20:47:42,DoS_Slowhttptest_src_2,DoS Slowhttptest,1.61,7,2.0,6.0,45.52,Medium,Alert Admin,attack
2026-08-13 20:47:50,DoS_GoldenEye_src_12,DoS GoldenEye,1.64,8,0.0,0.0,41.6,Medium,Alert Admin,attack
2026-08-13 20:48:00,DoS_GoldenEye_src_3,DoS GoldenEye,2.35,8,0.01,0.0,43.39,Medium,Alert Admin,attack
2026-08-13 20:48:14,DDoS_src_17,DDoS,0.71,9,0.0,0.0,46.76,Medium,Alert Admin,attack
2026-08-13 20:48:20,DoS_Slowhttptest_src_2,DoS Slowhttptest,1.61,7,2.75,8.0,48.64,Medium,Alert Admin,attack
2026-08-13 20:48:28,DoS_slowloris_src_16,DoS slowloris,3.07,7,0.28,0.0,40.6,Medium,Alert Admin,attack
2026-08-13 20:48:46,DoS_slowloris_src_15,DoS slowloris,0.99,7,0.63,2.0,37.93,Medium,Alert Admin,attack
2026-08-13 20:48:48,DDoS_src_32,DDoS,0.77,9,0.67,2.0,49.92,Medium,Alert Admin,attack
2026-08-13 20:48:50,DoS_Slowhttptest_src_2,DoS Slowhttptest,1.61,7,3.5,10.0,51.77,Medium,Alert Admin,attack
2026-08-13 20:48:52,DoS_Slowhttptest_src_5,DoS Slowhttptest,1.61,7,0.63,2.0,39.47,Medium,Alert Admin,attack
2026-08-13 20:48:56,DDoS_src_1,DDoS,4.24,9,0.01,0.0,55.62,Medium,Alert Admin,attack
2026-08-13 20:49:06,DoS_Slowhttptest_src_6,DoS Slowhttptest,1.6,7,1.43,4.0,42.66,Medium,Alert Admin,attack
2026-08-13 20:49:10,SSH_Patator_src_10,SSH-Patator,0.39,6,0.8,2.0,31.69,Low,Generate Log,attack
2026-08-13 20:49:12,DoS_slowloris_src_30,DoS slowloris,1.4,7,0.0,0.0,35.99,Medium,Alert Admin,attack
2026-08-13 20:49:14,Bot_src_28,Bot,0.23,8,0.0,0.0,40.58,Medium,Alert Admin,attack
2026-08-13 20:49:18,SSH_Patator_src_14,SSH-Patator,0.45,6,0.02,0.0,28.66,Low,Generate Log,attack
2026-08-13 20:49:20,DoS_Slowhttptest_src_27,DoS Slowhttptest,1.1,7,1.07,4.0,40.86,Medium,Alert Admin,attack
2026-08-13 20:49:28,DoS_Hulk_src_24,DoS Hulk,0.98,8,0.21,0.0,40.27,Medium,Alert Admin,attack
2026-08-13 20:49:40,DDoS_src_23,DDoS,3.07,9,0.5,2.0,55.44,Medium,Alert Admin,attack
2026-08-13 20:49:44,DDoS_src_14,DDoS,0.73,9,0.46,2.0,49.52,Medium,Alert Admin,attack
2026-08-13 20:49:50,DoS_GoldenEye_src_29,DoS GoldenEye,2.11,8,1.09,2.0,46.4,Medium,Alert Admin,attack
2026-08-13 20:49:52,Infiltration_src_2,Infiltration,1.67,9,0.14,0.0,49.39,Medium,Alert Admin,attack
2026-08-13 20:50:12,DoS_Hulk_src_18,DoS Hulk,0.59,8,0.19,0.0,39.27,Medium,Alert Admin,attack
2026-08-13 20:50:20,DoS_Slowhttptest_src_7,DoS Slowhttptest,1.59,7,0.09,0.0,36.6,Medium,Alert Admin,attack
2026-08-13 20:50:22,DoS_slowloris_src_17,DoS slowloris,3.07,7,0.13,0.0,40.37,Medium,Alert Admin,attack
2026-08-13 20:50:30,DoS_slowloris_src_18,DoS slowloris,3.07,7,0.01,0.0,40.2,Medium,Alert Admin,attack
2026-08-13 20:50:38,DoS_Hulk_src_22,DoS Hulk,1.0,8,0.03,0.0,40.06,Medium,Alert Admin,attack
2026-08-13 20:50:44,DDoS_src_27,DDoS,2.28,9,0.01,0.0,50.72,Medium,Alert Admin,attack
2026-08-13 20:50:46,DoS_GoldenEye_src_24,DoS GoldenEye,1.14,8,0.0,0.0,40.34,Medium,Alert Admin,attack
2026-08-13 20:50:48,DDoS_src_25,DDoS,0.39,9,0.01,0.0,46.0,Medium,Alert Admin,attack
2026-08-13 20:50:50,DoS_Hulk_src_29,DoS Hulk,0.71,8,0.05,0.0,39.36,Medium,Alert Admin,attack
2026-08-13 20:51:04,SSH_Patator_src_8,SSH-Patator,0.41,6,0.03,0.0,28.56,Low,Generate Log,attack
2026-08-13 20:51:06,DDoS_src_31,DDoS,1.17,9,0.45,2.0,50.61,Medium,Alert Admin,attack
2026-08-13 20:51:08,DDoS_src_2,DDoS,0.72,9,0.34,2.0,49.3,Medium,Alert Admin,attack
2026-08-13 20:51:14,SSH_Patator_src_6,SSH-Patator,0.39,6,0.42,2.0,31.11,Low,Generate Log,attack
2026-08-13 20:51:18,DoS_slowloris_src_32,DoS slowloris,1.27,7,0.08,0.0,35.79,Medium,Alert Admin,attack
2026-08-13 20:51:20,DoS_Hulk_src_15,DoS Hulk,1.17,8,0.44,0.0,41.1,Medium,Alert Admin,attack
2026-08-13 20:51:26,DDoS_src_0,DDoS,0.51,9,0.06,0.0,46.38,Medium,Alert Admin,attack
2026-08-13 20:51:32,Bot_src_12,Bot,0.25,8,0.63,2.0,43.57,Medium,Alert Admin,attack
2026-08-13 20:51:46,DDoS_src_22,DDoS,1.16,9,0.01,0.0,47.92,Medium,Alert Admin,attack
2026-08-13 20:51:52,DoS_Hulk_src_26,DoS Hulk,1.7,8,0.04,0.0,41.82,Medium,Alert Admin,attack
2026-08-13 20:51:54,DoS_Hulk_src_28,DoS Hulk,0.96,8,0.02,0.0,39.92,Medium,Alert Admin,attack
2026-08-13 20:52:04,DoS_Slowhttptest_src_5,DoS Slowhttptest,1.61,7,1.05,4.0,42.09,Medium,Alert Admin,attack
2026-08-13 20:52:06,DoS_Hulk_src_17,DoS Hulk,1.49,8,0.18,0.0,41.49,Medium,Alert Admin,attack
2026-08-13 20:52:08,DoS_Slowhttptest_src_15,DoS Slowhttptest,0.78,7,0.61,4.0,39.36,Medium,Alert Admin,attack
2026-08-13 20:52:10,DoS_slowloris_src_12,DoS slowloris,0.89,7,0.42,2.0,37.35,Medium,Alert Admin,attack
